attendance_pct,assignment_marks,internal_marks,prev_semester_marks,study_hours,assignments_completed,participation_score,performance_category
77.57565896062361,75.19745827591483,74.32767803313502,75.19745827591483,6.5,27.0,5.8,Average
94.27286327522454,94.30438351720908,92.42627175902528,94.30438351720908,7.1,29.0,8.5,Good
64.12729262285092,61.914633066528566,63.06064294536566,61.914633066528566,3.1,17.0,4.6,Needs Improvement
54.26813346175872,50.84682801158161,52.71063440265772,50.84682801158161,1.3,13.0,2.9,Needs Improvement
78.42636389155665,,75.60924843827192,76.39968713869877,6.8,23.0,7.1,Average
53.260213022514286,49.87217758443814,51.8989840451783,49.87217758443814,2.2,10.0,3.0,Needs Improvement
79.01112649628378,,76.52342847662224,77.24723925616134,5.3,21.0,7.9,Average
49.87397695289231,45.684596799127895,47.73724000370647,45.684596799127895,1.2,6.0,3.2,Needs Improvement
66.65049602584313,64.48804074217101,65.30228114780935,64.48804074217101,3.0,16.0,4.8,Needs Improvement
60.040903850314734,57.52825890350378,59.08661838385257,57.52825890350378,2.7,14.0,3.5,Needs Improvement
86.3110242466426,86.00319200515955,85.06857011764886,86.00319200515955,4.8,24.0,7.3,Good
69.96008297152108,67.47361824981353,67.62991227004906,67.47361824981353,5.7,16.0,6.7,Average
69.48053771253367,66.90485620895669,67.07867567655074,66.90485620895669,4.6,20.0,6.4,Average
55.04337504665117,51.14465545026611,52.62490495995305,51.14465545026611,2.3,14.0,3.4,Needs Improvement
81.49739040253242,79.40446111206909,78.13744574572824,79.40446111206909,5.7,28.0,8.4,Average
74.35459560756387,72.15147500559449,71.84189243196003,72.15147500559449,5.3,23.0,6.3,Average
81.59387663951198,79.86966743356217,78.799565510232,79.86966743356217,5.9,24.0,6.8,Average
63.15011643085323,59.8962197738669,60.586833622609966,59.8962197738669,3.7,17.0,5.3,Needs Improvement
64.06586483092646,61.178463627385305,61.94768224951515,61.178463627385305,3.3,15.0,3.3,Needs Improvement
38.47178742308442,32.32279748483965,34.88454788825914,32.32279748483965,0.3,7.0,0.9,Needs Improvement
60.85914370964669,58.747567474287564,60.41821766698997,58.747567474287564,2.1,13.0,2.4,Needs Improvement
50.41318003791296,45.63436138124605,47.27315357202026,45.63436138124605,2.1,14.0,1.8,Needs Improvement
57.96874521948082,54.78381106303282,56.254027942279556,54.78381106303282,2.2,8.0,3.7,Needs Improvement
80.68730839180411,79.56383462518443,78.96651984542974,79.56383462518443,5.6,28.0,6.9,Average
45.50496071048422,41.14231307813124,43.7200914724318,41.14231307813124,1.3,10.0,2.5,Needs Improvement
54.97268426548648,52.45126867928018,54.72864773494995,52.45126867928018,0.6,6.0,1.4,Needs Improvement
65.35026917525144,61.60355149668584,61.698245798183876,61.60355149668584,5.1,18.0,4.6,Needs Improvement
68.03155549962045,65.81928930127519,66.4077721165607,65.81928930127519,4.5,23.0,7.7,Average
86.83067204747111,85.33235857830779,83.64322630343287,85.33235857830779,5.4,29.0,8.2,Good
65.6989175004475,62.567763353933415,62.96440134157572,62.567763353933415,4.0,21.0,5.6,Needs Improvement
42.7425618813597,37.201022822961775,39.49977737796873,37.201022822961775,0.1,6.0,2.1,Needs Improvement
80.6100214888484,79.40132398605029,78.76635091461587,79.40132398605029,6.4,21.0,6.1,Average
38.57660547991828,32.89339698335627,35.706334202475375,32.89339698335627,2.5,3.0,2.1,Needs Improvement
61.91418956704571,59.61777164660839,61.0320771824948,59.61777164660839,3.0,12.0,3.7,Needs Improvement
93.62354291980697,93.83904741183028,92.15882956158546,93.83904741183028,6.7,25.0,7.8,Good
96.62188767479036,97.97518351375746,96.51679718248289,97.97518351375746,6.9,27.0,8.8,Good
58.429133857240124,55.27203811803072,56.69239285887675,55.27203811803072,2.4,16.0,4.1,Needs Improvement
81.95295392286157,80.90678330427299,80.17283524752786,80.90678330427299,4.7,19.0,8.8,Average
84.84950474311336,83.78964504779877,82.63408168717423,83.78964504779877,6.0,30.0,7.1,Good
60.155770624012625,57.47938114213995,58.92776277763948,57.47938114213995,2.4,12.0,3.5,Needs Improvement
47.52240875825692,44.28106843037439,47.21138699183338,44.28106843037439,0.7,6.0,0.0,Needs Improvement
63.800640941729036,60.32041427548076,60.788764617377595,60.32041427548076,3.1,15.0,5.0,Needs Improvement
72.98070708371918,69.96607147051073,69.38903582243171,69.96607147051073,5.5,,6.8,Average
69.45507659195317,67.54373534311556,68.1008151163579,67.54373534311556,5.0,16.0,4.5,Average
42.53125662434596,37.946550230802714,40.822252773871426,37.946550230802714,0.8,1.0,1.3,Needs Improvement
75.13516294255953,75.25170338418175,76.15613178760023,75.25170338418175,4.9,12.0,4.3,Average
62.870594418516305,59.49865400953658,60.16174600176012,59.49865400953658,4.0,20.0,4.3,Needs Improvement
73.51795251513835,69.92529112107778,68.94120567945197,69.92529112107778,5.9,22.0,7.3,Average
65.97465389519975,64.19420698918684,65.32328677215092,64.19420698918684,3.0,8.0,2.9,Needs Improvement
47.45154757220935,42.14583828943729,43.906640474680515,42.14583828943729,1.4,16.0,5.7,Needs Improvement
41.89314213995225,36.78403767658251,39.451243391806614,36.78403767658251,1.2,11.0,0.7,Needs Improvement
51.64417667850922,48.29634143463902,50.576981769783316,48.29634143463902,1.9,7.0,2.1,Needs Improvement
45.20871953051613,,42.92291103774653,40.500361356073306,1.1,8.0,1.5,Needs Improvement
77.37394581163859,76.54492387357725,76.58920479302239,76.54492387357725,4.8,20.0,6.1,Average
84.6617932618978,83.17094833281942,81.79592362164638,83.17094833281942,6.9,26.0,10.0,Good
73.2698592981237,71.58903841990536,71.7328751611915,71.58903841990536,3.9,16.0,6.9,Average
45.16259099186046,,43.73876307593039,40.99857240825592,0.0,8.0,1.9,Needs Improvement
91.61306835650284,90.94509199049588,89.0472385875629,90.94509199049588,7.6,30.0,9.1,Good
46.19088004733003,41.56126823554751,43.88850719348177,41.56126823554751,1.6,12.0,0.0,Needs Improvement
62.02718190810718,59.164444294255894,60.23899681375412,59.164444294255894,3.4,13.0,2.7,Needs Improvement
71.22019630070676,70.37746340067821,71.2930165577038,70.37746340067821,2.2,17.0,4.2,Average
55.81661153360214,51.45045371939205,52.553133320757404,51.45045371939205,2.9,18.0,4.7,Needs Improvement
72.10165062359725,70.91909703187088,71.51454489037049,70.91909703187088,4.2,22.0,5.5,Average
82.81800996012267,81.48408395561638,80.46212481588101,81.48408395561638,6.2,23.0,8.7,Good
54.887534265519285,51.83837764204907,53.82635467642048,51.83837764204907,1.8,13.0,3.4,Needs Improvement
83.42207807239397,82.92758584311747,82.29900770176035,82.92758584311747,4.3,23.0,6.1,Average
91.30252616440859,92.12042116476613,91.11600028434066,92.12042116476613,6.6,23.0,6.9,Good
48.096595744125885,42.90364033406447,44.63672356486853,42.90364033406447,1.7,12.0,4.2,Needs Improvement
60.48548863059085,55.59809379044238,55.73594122027313,55.59809379044238,4.8,19.0,6.2,Needs Improvement
57.16488312798583,52.149763273697296,52.68899719582014,52.149763273697296,3.5,19.0,3.8,Needs Improvement
46.592107396055425,42.47268039085006,45.03413533129621,42.47268039085006,1.8,5.0,2.5,Needs Improvement
59.467891204711506,56.4155336205173,57.7473448288761,56.4155336205173,3.0,13.0,3.1,Needs Improvement
56.56209075546314,52.95126361754162,54.37906371652031,52.95126361754162,3.0,15.0,2.7,Needs Improvement
68.19357688152061,66.88792265259843,67.97132353871137,66.88792265259843,2.6,11.0,4.4,Needs Improvement
66.42017109354087,63.83073018083638,64.43388236021367,63.83073018083638,4.9,19.0,5.8,Needs Improvement
57.68905662859848,56.074633235098986,58.48224034901378,56.074633235098986,1.2,1.0,3.5,Needs Improvement
78.25312621364624,76.81306457238513,76.38258274685788,76.81306457238513,6.4,17.0,5.7,Average
61.408290306798285,57.74806716776052,58.45532675876777,57.74806716776052,4.1,17.0,5.1,Needs Improvement
34.99386610894938,27.77468403997077,30.221741984990214,27.77468403997077,1.3,5.0,2.4,Needs Improvement
46.51663312680773,42.214620504635064,44.68252284527815,42.214620504635064,1.9,7.0,2.4,Needs Improvement
52.38340840587208,48.37201499948007,50.16787470927434,48.37201499948007,2.3,13.0,2.7,Needs Improvement
74.81877096181815,72.78110960815714,72.49976441151969,72.78110960815714,5.0,24.0,4.8,Average
76.96700968954231,74.19579626690799,73.18838721261093,74.19579626690799,4.2,23.0,8.5,Average
91.9781410527963,91.85446630198794,90.21548915112652,91.85446630198794,7.9,30.0,8.8,Good
46.39999690163376,41.90691393311783,44.282295536589615,41.90691393311783,2.5,8.0,1.3,Needs Improvement
41.43013932394792,35.42956047107535,37.653495508869895,35.42956047107535,0.9,,3.0,Needs Improvement
87.2767918956177,85.51919800165867,83.61817407716526,85.51919800165867,7.7,26.0,9.8,Good
79.83966616110679,77.06330772692385,75.64257917008976,77.06330772692385,7.4,25.0,8.0,Average
90.76093514738031,89.87593111312623,87.97579521535525,89.87593111312623,7.7,29.0,9.6,Good
54.32133995311293,51.63178521307198,53.90613393974674,51.63178521307198,1.2,3.0,3.2,Needs Improvement
81.0578672724634,80.64154398218281,80.39537820595626,80.64154398218281,5.4,20.0,6.8,Average
76.04878666100203,75.91200694327961,76.54116329586653,75.91200694327961,3.9,17.0,6.0,Average
65.13341454104187,62.67261505659054,63.53309898818378,62.67261505659054,3.5,16.0,3.9,Needs Improvement
42.019248475574706,35.61981098586996,37.531668352385154,35.61981098586996,1.1,8.0,2.6,Needs Improvement
71.38606530551439,70.08392072485401,70.71325734940315,70.08392072485401,3.0,17.0,4.7,Average
76.52672963826038,74.9888628285649,74.74912041755884,74.9888628285649,5.5,20.0,7.5,Average
63.758428234232845,60.923126084967016,61.766035109067566,60.923126084967016,5.6,16.0,6.0,Needs Improvement
91.53988882738695,91.66883577540123,90.2368213417827,91.66883577540123,6.7,,7.8,Good
53.20740953783938,48.757818369537475,50.18556491081647,48.757818369537475,3.2,15.0,4.0,Needs Improvement
57.61266376803281,54.56047964387153,56.15742246320325,54.56047964387153,2.2,14.0,1.7,Needs Improvement
31.251658819208703,23.936098642860262,26.862684425059907,23.936098642860262,0.0,8.0,1.9,Needs Improvement
65.83420584798314,62.035403740459465,62.031201700734066,,2.3,18.0,8.3,Needs Improvement
79.77982205146466,77.9688597649782,77.10833530820527,77.9688597649782,6.3,19.0,7.3,Average
74.83559177349774,72.93671416424327,72.73227099131248,72.93671416424327,5.6,22.0,7.0,Average
53.43439169357998,50.34130452305531,52.51177018367264,50.34130452305531,3.0,5.0,1.6,Needs Improvement
93.54924040180872,93.271235939406,91.31962761777464,93.271235939406,8.6,28.0,10.0,Good
82.78265785565988,81.86918330762084,81.09253244364712,81.86918330762084,7.0,23.0,6.6,Good
92.0619021816789,92.14022103323173,90.60470292245067,92.14022103323173,5.6,29.0,8.2,Good
60.76203505229151,55.82114855148492,55.88892268641094,55.82114855148492,4.0,,5.2,Needs Improvement
74.20709072415643,72.17996227600902,71.99201877361672,72.17996227600902,4.8,20.0,6.6,Average
63.55633944760912,61.23760094135105,62.40455901668798,61.23760094135105,3.6,15.0,4.6,Needs Improvement
92.04286927337498,93.32809518394916,92.48495723665226,93.32809518394916,5.8,23.0,6.9,Good
80.79162185536954,78.54962720441685,77.29825571024824,78.54962720441685,5.7,26.0,8.5,Average
71.0212038883982,68.25672275730626,68.10256155548255,68.25672275730626,5.6,23.0,6.2,Average
93.6427792377045,93.9381950352204,92.30089274270026,93.9381950352204,7.1,24.0,8.8,Good
50.97268088790354,46.28315767712231,47.89304714411824,46.28315767712231,2.6,7.0,4.6,Needs Improvement
65.05073984487107,62.13524841184618,62.74771904370752,62.13524841184618,4.1,9.0,4.0,Needs Improvement
77.86404588775082,75.48751211572947,74.57748626203859,75.48751211572947,6.5,30.0,6.6,Average
71.5508613005078,69.59891835453608,69.83339934247971,69.59891835453608,5.7,15.0,5.9,Average
72.4279984478249,69.11465495719938,68.4458874700098,69.11465495719938,4.6,22.0,6.8,Average
95.36467597736096,95.58236848862059,93.65466764114596,95.58236848862059,6.0,30.0,8.9,Good
41.652639802253546,36.32363112008841,38.89953475852924,,0.6,8.0,2.4,Needs Improvement
33.9425228726175,27.104659727761604,29.919806091755735,27.104659727761604,1.2,2.0,1.5,Needs Improvement
81.3715471053501,80.47342466396027,79.90713368240178,80.47342466396027,4.8,19.0,7.7,Average
39.74591539359445,34.25396178103937,37.00914323192298,34.25396178103937,2.0,4.0,1.4,Needs Improvement
65.3302173325819,62.15976492220931,62.58661821162756,62.15976492220931,4.5,16.0,5.0,Needs Improvement
71.94389143501255,69.05325221627692,68.69518817199763,69.05325221627692,3.3,26.0,9.0,Average
47.145078216562915,41.31559082341322,42.82087256781869,41.31559082341322,2.3,11.0,3.4,Needs Improvement
53.09954599055911,49.732987771228345,51.79501936153088,49.732987771228345,2.2,4.0,3.2,Needs Improvement
95.75629494936996,95.95636419862825,93.96264734829442,95.95636419862825,7.2,30.0,10.0,Good
88.76714802795044,87.23010970888751,85.24220952257294,87.23010970888751,6.1,30.0,9.1,Good
66.49438366490543,63.769959364991216,64.28537638433947,63.769959364991216,5.3,14.0,5.8,Needs Improvement
36.80035616524422,30.845843372806037,33.757499467806475,30.845843372806037,0.8,8.0,0.9,Needs Improvement
92.67220843935993,92.44717941180987,90.651133047587,92.44717941180987,6.5,28.0,9.1,Good
45.17518139969702,39.4118769769155,41.2363913925122,39.4118769769155,2.5,9.0,0.7,Needs Improvement
73.79833850432348,72.07890618147141,72.12518221065258,72.07890618147141,4.1,15.0,6.8,Average
59.98577698147179,58.622107541109784,60.84489972069267,58.622107541109784,1.9,9.0,2.2,Needs Improvement
67.11165318812175,65.0536867225405,65.86175542961954,65.0536867225405,4.6,14.0,4.3,Needs Improvement
53.98071223410536,50.85557102428799,52.92967429952015,50.85557102428799,3.0,7.0,2.2,Needs Improvement
67.0206083364442,64.28935485792927,64.72569453642872,64.28935485792927,4.9,11.0,4.6,Needs Improvement
31.121641272313084,23.54260952397395,26.337214057449714,23.54260952397395,0.0,2.0,1.2,Needs Improvement
56.015056070856744,52.283833034570826,53.720983289427906,52.283833034570826,1.9,12.0,4.6,Needs Improvement
74.02967546572228,71.42793423306613,70.93698560501655,71.42793423306613,5.8,21.0,7.5,Average
43.45932443294395,39.30962434902544,42.30132081065143,39.30962434902544,0.0,,0.8,Needs Improvement
59.41791620812674,54.98925270322036,55.541742670684314,54.98925270322036,4.5,16.0,4.2,Needs Improvement
59.73366040311541,57.38902574901082,59.08728303193457,57.38902574901082,0.5,6.0,2.4,Needs Improvement
53.91032566850075,50.390694425321016,52.24943004800391,50.390694425321016,2.7,7.0,1.9,Needs Improvement
79.41540907631293,78.04312848141936,77.48533827343546,78.04312848141936,5.9,22.0,7.3,Average
44.24257146776943,40.222191243776955,43.17589233467134,40.222191243776955,1.2,0.0,0.0,Needs Improvement
58.99122042830702,56.624685083916766,58.41649054022134,56.624685083916766,1.4,5.0,3.1,Needs Improvement
95.56377397151488,96.98773469514788,95.72088739843605,96.98773469514788,6.9,25.0,7.4,Good
52.54802102782943,48.46022080193789,50.188903383167116,48.46022080193789,1.5,17.0,4.8,Needs Improvement
55.464402415672154,51.16706233149719,52.3593819383012,51.16706233149719,3.7,15.0,4.5,Needs Improvement
54.949344723131205,51.793568570691754,53.71179009456474,51.793568570691754,2.6,12.0,3.1,Needs Improvement
59.45770721896562,56.2904457888942,57.55805251185829,56.2904457888942,2.5,9.0,5.5,Needs Improvement
87.146180136575,87.47014678921663,86.77724485692973,87.47014678921663,5.9,27.0,7.3,Good
42.65586380183686,37.062291464560154,39.34369815728248,37.062291464560154,1.8,8.0,1.0,Needs Improvement
39.837716353820994,34.76207890085952,37.74204087719282,34.76207890085952,2.0,7.0,1.0,Needs Improvement
89.5638404013753,89.1034062538708,87.61689525510035,89.1034062538708,6.6,24.0,8.5,Good
36.77706871362918,30.52928854878143,33.276690066921404,30.52928854878143,1.3,6.0,0.0,Needs Improvement
45.778196567609655,,44.97303823068957,42.06384095026139,1.5,8.0,1.2,Needs Improvement
68.39060295662932,65.14401502997673,65.09016436379964,65.14401502997673,5.1,21.0,7.4,Average
70.54688119121664,68.22289577997617,68.38820680337923,68.22289577997617,3.5,18.0,6.0,Average
37.91195156799398,32.280828028006866,35.218478638300795,32.280828028006866,0.8,3.0,0.5,Needs Improvement
87.00153880752667,85.9674298197486,84.51914771137162,85.9674298197486,6.9,28.0,7.5,Good
56.71562621179972,54.33316734880863,56.44095853969948,54.33316734880863,0.8,2.0,0.8,Needs Improvement
88.45851829415105,87.88744769684429,86.49561902779028,87.88744769684429,6.6,30.0,6.1,Good
90.55771052009182,91.34623701238652,90.43143636225611,91.34623701238652,5.1,23.0,7.0,Good
82.32930134589772,80.92827411896175,79.93778693987008,80.92827411896175,7.2,30.0,7.5,Good
94.02812194342657,93.96693688434453,92.07081371580813,93.96693688434453,8.8,29.0,9.4,Good
72.8107845339458,73.22107139218517,74.62540894918685,73.22107139218517,3.4,10.0,4.6,Average
89.0951744482314,88.18438107658244,86.50747422874996,88.18438107658244,7.8,28.0,9.2,Good
48.82657712414818,44.88602034120581,47.230476876074704,44.88602034120581,1.8,2.0,2.7,Needs Improvement
46.474785144038236,40.96200990815998,42.74402618136694,40.96200990815998,2.2,11.0,2.4,Needs Improvement
44.67240479192094,39.072235100503235,41.061794592275845,39.072235100503235,1.6,7.0,2.7,Needs Improvement
37.64663527622544,31.663029321624315,34.437163736677185,31.663029321624315,1.4,5.0,0.0,Needs Improvement
46.02893146556819,41.5676086842011,44.01414831405302,41.5676086842011,1.1,7.0,1.9,Needs Improvement
94.13902007342595,94.78440887307612,93.27619960524392,94.78440887307612,5.9,24.0,7.7,Good
53.55439189353222,50.73729642754698,53.04832874790796,50.73729642754698,1.1,0.0,0.6,Needs Improvement
71.24449118927497,68.65899741966726,68.5752165242807,68.65899741966726,4.5,20.0,6.0,Average
83.61144061144336,82.05988563359969,80.8002198446257,82.05988563359969,5.8,28.0,6.9,Good
62.75927832534544,59.90661696794963,60.88234214581696,59.90661696794963,3.2,19.0,3.9,Needs Improvement
45.55397260310787,40.88673155125259,43.283454864034155,40.88673155125259,0.3,7.0,1.1,Needs Improvement
51.777823819109166,48.15172414085819,50.254263779127754,48.15172414085819,2.2,7.0,3.4,Needs Improvement
93.717654148625,94.69788950351197,93.44121625650095,94.69788950351197,6.9,30.0,6.5,Good
44.70734822650338,39.47321223317489,41.66694191891527,39.47321223317489,1.7,6.0,2.2,Needs Improvement
66.16878033033514,63.418156152190036,63.965116574630684,,4.3,16.0,5.2,Needs Improvement
49.063467424440645,45.229775567951116,47.60145630360844,45.229775567951116,2.3,12.0,2.3,Needs Improvement
64.96876071810561,61.35980606728262,61.58772330708294,61.35980606728262,4.3,21.0,6.5,Needs Improvement
94.68135342553194,95.32926821515944,93.74502617701347,95.32926821515944,7.3,,9.1,Good
70.86577305731225,68.92821302236223,69.26878256563188,68.92821302236223,1.9,19.0,2.2,Needs Improvement
67.95025062028411,65.83616942648305,66.4923729414133,65.83616942648305,4.2,13.0,4.3,Needs Improvement
56.50885759303573,52.64003981920166,53.92802143514852,52.64003981920166,4.7,13.0,4.3,Needs Improvement
52.28643376715825,48.503439361993074,50.44366630659036,48.503439361993074,1.2,9.0,2.8,Needs Improvement
93.40727347017884,93.06711747662574,91.10027498456985,93.06711747662574,6.9,30.0,9.5,Good
47.8682957916783,43.50251102571909,45.74087747493121,43.50251102571909,1.7,10.0,1.4,Needs Improvement
85.2423672950467,85.19888299544924,84.56798235352973,85.19888299544924,5.3,19.0,7.6,Good
84.90592696951184,82.81937413392598,81.0690686608038,82.81937413392598,7.3,30.0,9.4,Good
35.47346402586021,28.98960980785093,31.78834110815131,28.98960980785093,1.0,4.0,0.9,Needs Improvement
63.736933113822346,62.02446393232107,63.512062526631425,62.02446393232107,4.1,16.0,3.5,Needs Improvement
74.58079093802934,,73.50097838417042,73.31007303448541,4.5,19.0,6.5,Average
72.08837160328932,69.44858627035754,69.21322727964092,69.44858627035754,4.7,23.0,6.5,Average
48.26118271081588,44.52389619675354,47.06527780145851,44.52389619675354,0.8,9.0,2.1,Needs Improvement
64.88313934464186,63.24663930742426,64.61390509406536,63.24663930742426,2.4,8.0,2.8,Needs Improvement
76.9821356661954,75.38398944282437,75.04474364858444,75.38398944282437,5.0,20.0,7.2,Average
78.62753988330284,77.38048006482238,77.00679732807599,77.38048006482238,5.6,23.0,4.8,Average
81.94572745715665,79.0940877221971,77.32947537976928,79.0940877221971,7.2,29.0,10.0,Good
94.66038171965529,94.78435373101667,92.90371177755813,94.78435373101667,6.9,30.0,8.8,Good
92.86437305414982,93.4232747011153,92.04773663450274,93.4232747011153,6.2,29.0,9.0,Good
62.39655387570512,60.1763051986807,61.56522682956601,60.1763051986807,3.3,13.0,3.1,Needs Improvement
50.85049467298935,46.42632458453516,48.20529958070572,46.42632458453516,2.6,7.0,3.5,Needs Improvement
79.99500471257639,78.47508004014821,77.75012241124978,78.47508004014821,5.8,30.0,6.1,Average
53.93168877533412,50.312631052863864,52.11149967211885,50.312631052863864,2.5,11.0,3.4,Needs Improvement
69.52847222337317,68.32324438224734,69.27333244112212,68.32324438224734,3.0,18.0,3.9,Needs Improvement
35.26746655300694,29.018646654258678,31.98111149025868,29.018646654258678,0.9,9.0,1.0,Needs Improvement
77.23831314234177,74.77245229257551,73.90077278666026,74.77245229257551,5.7,19.0,6.8,Average
54.799260390928154,52.15189414110596,54.38207622821783,52.15189414110596,3.8,6.0,3.6,Needs Improvement
43.104246308144106,38.270952315005424,40.92274913204845,38.270952315005424,1.3,6.0,1.7,Needs Improvement
69.77900278056529,66.4185374749521,66.10127118880668,66.4185374749521,3.9,23.0,6.4,Average
70.41099807903429,68.18212947389873,68.42120483110207,68.18212947389873,5.0,19.0,5.1,Average
94.6462285454842,94.5628439761436,92.56573443002267,94.5628439761436,8.8,30.0,10.0,Good
62.93242803833778,60.880179156168296,62.2885472180232,60.880179156168296,3.2,,4.2,Needs Improvement
62.797044381691734,60.40460064526559,61.63791216992324,60.40460064526559,1.9,11.0,5.2,Needs Improvement
64.8245243137416,63.21713067256915,64.60940226136465,63.21713067256915,2.5,9.0,3.5,Needs Improvement
48.29412412275275,44.10845406275356,46.388910582360765,44.10845406275356,2.4,7.0,2.5,Needs Improvement
45.87503934491813,41.75301247950778,44.415420078570705,41.75301247950778,1.0,4.0,1.4,Needs Improvement
40.6193646445773,35.46937024077236,38.29517848937279,35.46937024077236,2.2,5.0,1.1,Needs Improvement
83.05185825962799,81.2828143053553,79.97880943725262,81.2828143053553,6.3,24.0,9.6,Good
67.88101588335911,66.39955657223479,67.42714898254101,66.39955657223479,3.3,14.0,4.3,Needs Improvement
89.51484535179215,90.32872929519316,89.57739935545199,90.32872929519316,3.9,18.0,6.9,Good
84.64449582029404,84.23007518286785,83.47262113001086,84.23007518286785,6.1,22.0,8.3,Good
86.154396844483,85.49080435604338,84.37526624200889,85.49080435604338,7.0,26.0,7.5,Good
65.21106588444643,62.5874491675471,63.34380163154085,62.5874491675471,3.6,20.0,2.6,Needs Improvement
44.87859930033534,39.41561818386176,41.4541147886861,,1.6,8.0,1.3,Needs Improvement
67.02109573761732,63.820188977437255,63.988085723389034,63.820188977437255,6.4,24.0,5.4,Average
37.20407335652705,31.072324245631176,33.82502855990109,31.072324245631176,0.0,5.0,0.5,Needs Improvement
74.00407945489863,70.87338402971076,70.08383243604646,70.87338402971076,5.2,24.0,7.8,Average
62.36716876835516,58.39217434121298,58.78258198736671,58.39217434121298,4.8,15.0,6.0,Needs Improvement
33.45205058067695,26.805722906897152,29.800385581783416,26.805722906897152,0.3,5.0,1.6,Needs Improvement
96.31705657518408,97.60651105302345,96.15519124390535,97.60651105302345,7.5,26.0,9.2,Good
61.24513118833805,59.67360408242127,61.59771270927768,59.67360408242127,1.0,7.0,4.2,Needs Improvement
39.10543594313473,33.014171436178785,35.518386583184714,33.014171436178785,0.8,8.0,1.8,Needs Improvement
84.07928392576412,82.5716384027894,81.2702289716947,82.5716384027894,6.0,24.0,10.0,Good
58.820838213829624,56.20898496572321,57.88494907911531,56.20898496572321,2.0,10.0,2.6,Needs Improvement
38.8762636158537,32.72180776952022,35.22265248363627,32.72180776952022,0.0,,0.8,Needs Improvement
86.66773388118374,85.87632206958985,84.61441047993851,85.87632206958985,7.5,27.0,8.9,Good
44.94459524205369,40.7942119018057,43.57333638708489,40.7942119018057,1.4,3.0,1.9,Needs Improvement
81.70265051803548,80.07414219990302,79.04318737267938,80.07414219990302,5.2,21.0,7.9,Average
58.05975236432663,54.096346490552094,55.10872136777713,54.096346490552094,3.3,16.0,4.9,Needs Improvement
51.81009934543834,48.85889373961123,51.34247634407599,48.85889373961123,0.4,12.0,1.4,Needs Improvement
64.05988100784974,61.29905997754781,62.14146495911104,61.29905997754781,3.2,10.0,4.5,Needs Improvement
62.75247160992263,60.55954299092281,61.91323069293396,60.55954299092281,4.0,10.0,4.1,Needs Improvement
67.4752195812304,64.49303302196508,64.72103790506625,64.49303302196508,5.0,18.0,7.3,Average
53.93025917864607,50.95977593968533,53.12946277761546,50.95977593968533,1.7,11.0,2.0,Needs Improvement
81.00028021540362,79.63937927261202,78.86168156024489,79.63937927261202,5.1,26.0,8.0,Average
84.16955638334157,84.35865346300065,84.01391516804274,84.35865346300065,6.3,20.0,7.0,Good
71.9558693786132,69.87878338170188,69.98389575795068,69.87878338170188,4.1,24.0,6.2,Average
47.1886531912447,43.75365766350272,46.62099547747235,43.75365766350272,0.0,0.0,1.9,Needs Improvement
41.503163227156165,36.83106433164222,39.80369878746908,36.83106433164222,0.0,4.0,2.8,Needs Improvement
71.89387650137431,69.9229139086992,70.09752435554567,69.9229139086992,4.1,18.0,3.9,Average
73.56515472708668,72.26217407602616,72.5797344572649,72.26217407602616,3.0,16.0,4.5,Average
72.94170999533202,70.9772514190262,71.0058879475183,70.9772514190262,3.0,21.0,6.7,Average
59.13419657182902,53.97930976164347,54.15734635984757,53.97930976164347,3.7,22.0,3.3,Needs Improvement
57.305057359329666,52.977152888439186,53.88905642516895,52.977152888439186,4.1,13.0,4.9,Needs Improvement
65.52269804325103,64.24515214297676,65.72616905092704,64.24515214297676,2.5,13.0,2.2,Needs Improvement
74.30652985607274,71.84455308627939,71.3939192383871,71.84455308627939,4.9,,5.5,Average
46.84906365304273,43.210498229916624,46.01002318055274,43.210498229916624,1.0,0.0,1.2,Needs Improvement
41.35174058904022,35.04052558494264,37.09815406988113,35.04052558494264,1.0,12.0,2.8,Needs Improvement
93.4189032144631,94.6951449961448,93.65029698361107,,6.5,27.0,10.0,Good
71.05305660280128,68.26676945629272,68.09559728645908,68.26676945629272,5.3,22.0,5.9,Average
100.0,100.0,100.0,100.0,7.7,28.0,10.0,Good
88.45057249501193,87.66206052646122,86.14711475943052,87.66206052646122,7.3,24.0,9.0,Good
88.14657431652856,87.87952583280001,86.70598751116533,87.87952583280001,6.0,24.0,7.7,Good
60.03436022376562,56.56715889181981,57.58099238445569,56.56715889181981,4.0,9.0,5.2,Needs Improvement
52.224341413344746,48.623496214543465,50.67667875617919,,0.9,13.0,3.7,Needs Improvement
71.66059126827064,68.38210500932564,67.8428855373184,68.38210500932564,6.1,24.0,5.6,Average
48.731204670860244,44.803322341654756,47.16864605770016,44.803322341654756,1.8,8.0,2.3,Needs Improvement
99.3341727931404,100.0,98.80541348503321,100.0,5.0,28.0,9.1,Good
60.34002530601154,57.26104012375363,58.453044975890315,57.26104012375363,4.0,10.0,4.4,Needs Improvement
61.308831396949984,57.73290143313551,58.50253696853438,57.73290143313551,4.8,14.0,5.2,Needs Improvement
60.259212910410845,58.523092949149735,60.4939939840847,58.523092949149735,2.4,9.0,3.3,Needs Improvement
99.42174770570242,100.0,98.8407845958056,100.0,7.1,29.0,8.9,Good
54.06625219589486,50.87547813531063,52.89985692984895,50.87547813531063,2.1,11.0,2.7,Needs Improvement
49.09222486768458,44.59894263302224,46.58960637497453,44.59894263302224,3.7,5.0,3.9,Needs Improvement
55.044180397977726,50.76109370960197,52.02158983081901,50.76109370960197,4.7,16.0,4.8,Needs Improvement
59.76435467108819,56.395232393092854,57.503683281225776,56.395232393092854,3.0,15.0,5.5,Needs Improvement
71.55062428519602,68.72285136254537,68.45689193743128,68.72285136254537,5.7,24.0,7.1,Average
47.98756226394183,43.50681371581604,45.66244850775246,43.50681371581604,0.9,6.0,1.0,Needs Improvement
68.17467373654551,65.67228318722208,66.07453519667361,65.67228318722208,3.8,9.0,4.3,Needs Improvement
63.09685714038768,59.68903884401107,60.29930594031192,59.68903884401107,4.1,12.0,6.4,Needs Improvement
76.46068781571871,74.9967811926442,74.80873629149896,74.9967811926442,6.8,25.0,6.1,Average
64.59324847251766,61.5804003248589,62.20259445869423,61.5804003248589,4.2,16.0,4.7,Needs Improvement
63.00113501245441,60.00493245986537,60.86408314232101,60.00493245986537,5.3,15.0,6.2,Needs Improvement
81.06133844173834,80.52953910146867,80.21689112963767,80.52953910146867,4.6,19.0,7.0,Average
84.85999407489048,83.96891668322633,82.90830187729104,83.96891668322633,5.2,21.0,6.6,Average
81.51174107830161,80.36914272354318,79.64312350963812,80.36914272354318,6.6,23.0,5.3,Average
88.42639859389331,87.70447923227326,86.23103979793419,87.70447923227326,8.4,23.0,8.3,Good
53.031580062468606,49.559888983357666,51.57155407208447,49.559888983357666,2.3,9.0,3.0,Needs Improvement
75.06313113065966,72.6325353172015,72.09174754798833,72.6325353172015,6.2,18.0,7.3,Average
52.080426793644875,47.708023598447696,49.34087508781434,47.708023598447696,2.4,9.0,2.4,Needs Improvement
38.547094281443385,32.571966076381706,35.222307918997394,32.571966076381706,1.2,2.0,2.2,Needs Improvement
61.93501922959456,58.49666849675039,59.25546533089735,58.49666849675039,3.1,20.0,5.1,Needs Improvement
68.10550298570612,66.04138901213265,66.7039663149898,66.04138901213265,2.1,16.0,6.8,Needs Improvement
55.330221370033776,51.775738823766154,53.41171717303698,51.775738823766154,2.8,14.0,1.5,Needs Improvement
53.9892476413439,50.42158350375004,52.241597190647276,50.42158350375004,1.6,14.0,2.7,Needs Improvement
81.60800841251765,79.42225309533838,78.08639171230485,79.42225309533838,4.4,26.0,8.2,Average
88.70845121676199,88.96036350263577,88.00310606359767,88.96036350263577,7.0,24.0,5.8,Good
69.85302844124514,67.99103338312852,68.51946071545544,67.99103338312852,4.2,20.0,4.2,Average
41.37088746434347,35.76285967688454,38.219574160573224,35.76285967688454,1.9,2.0,1.1,Needs Improvement
86.75784175088555,85.80932204521994,84.44476196328452,85.80932204521994,7.3,27.0,8.3,Good
72.21050454227023,69.95801094365153,69.92651395268796,69.95801094365153,3.3,17.0,6.6,Average
41.81711895636881,35.78564892494982,37.93664905608628,35.78564892494982,1.1,7.0,2.1,Needs Improvement
82.86046774114246,81.27702687140962,80.10642241139908,81.27702687140962,5.8,28.0,8.8,Good
52.67735306389504,48.53046386194786,50.20690530885017,48.53046386194786,2.5,8.0,2.2,Needs Improvement
49.89199817579748,45.30650432110996,47.130222379031736,45.30650432110996,1.2,11.0,3.7,Needs Improvement
63.90897544216709,61.101707861838165,61.93912989562633,61.101707861838165,3.4,16.0,4.7,Needs Improvement
79.87244987492596,77.53321167170104,76.35758271629736,77.53321167170104,6.4,29.0,6.1,Average
47.83562266585934,44.45639062133894,47.26316907220451,44.45639062133894,0.6,7.0,0.7,Needs Improvement
53.95752106886005,48.98859811568475,50.012424846890276,48.98859811568475,1.4,17.0,3.5,Needs Improvement
55.89776046462776,51.28427369527849,52.23402976070353,51.28427369527849,2.2,14.0,3.8,Needs Improvement
96.23647884557691,96.69446080603198,94.77952494835243,96.69446080603198,7.6,30.0,10.0,Good
79.87615118888367,78.45930558095449,77.81022934944016,78.45930558095449,6.5,27.0,5.9,Average
56.714621264299566,54.2712429433527,56.344366579340274,54.2712429433527,2.2,9.0,2.4,Needs Improvement
85.53308479369366,84.89255069584388,83.87894766940205,84.89255069584388,5.9,25.0,7.9,Good
94.46313124033502,94.82067832951131,93.10168648899274,94.82067832951131,9.4,23.0,9.3,Good
44.70295698312406,40.571424131695494,43.39584007614716,,0.8,7.0,2.4,Needs Improvement
95.89060839402588,96.83604908645358,95.24907114012288,96.83604908645358,5.0,30.0,9.1,Good
81.85289109630278,79.7261578999059,78.38904020249296,79.7261578999059,5.9,27.0,8.4,Average
88.15178227101147,88.35739223672267,87.45320046412742,88.35739223672267,4.6,27.0,7.6,Good
61.94881652894327,57.82076639804419,58.1834782476814,57.82076639804419,4.6,10.0,6.1,Needs Improvement
53.365217095477185,49.62105923742845,51.42936659061815,49.62105923742845,2.1,14.0,2.9,Needs Improvement
80.84733303908975,79.17386671117444,78.2394098039243,79.17386671117444,7.0,26.0,7.3,Average
61.24752742555218,56.982367413246216,57.366914916849645,56.982367413246216,4.5,12.0,6.1,Needs Improvement
100.0,100.0,100.0,100.0,6.0,28.0,10.0,Good
90.92276322989414,90.02045250231441,88.08730876799825,90.02045250231441,7.6,30.0,9.6,Good
82.89986885217446,81.73164862212795,80.79268436893358,81.73164862212795,4.7,25.0,8.1,Average
74.60837696977505,71.52128146876258,70.67031590107331,71.52128146876258,6.7,25.0,6.9,Average
34.14158311515799,27.46303403622986,30.340779831819784,27.46303403622986,0.0,3.0,2.3,Needs Improvement
46.10957318371697,42.153879358451384,44.87782957491148,42.153879358451384,0.5,6.0,1.3,Needs Improvement
89.41606139844342,88.50002923093501,86.77428779258115,88.50002923093501,5.9,24.0,8.6,Good
53.84488114898148,50.41675951995327,52.33713556779694,50.41675951995327,1.6,17.0,1.3,Needs Improvement
36.08084282953997,29.86320986882109,32.72729920133317,29.86320986882109,0.3,5.0,0.0,Needs Improvement
78.37266634716516,78.31421989537137,78.65615530189416,78.31421989537137,3.9,19.0,6.4,Average
86.0546193208667,84.79776056970329,83.35746709462893,84.79776056970329,4.9,29.0,8.4,Good
94.0867078456808,94.10035513768204,92.23862389801404,94.10035513768204,6.8,28.0,9.8,Good
56.67458236380111,53.99022152442117,55.931360707089624,53.99022152442117,0.9,8.0,4.5,Needs Improvement
44.541671749277164,40.02908495711706,42.65879654027169,40.02908495711706,0.3,4.0,1.7,Needs Improvement
74.26397996529141,72.30949488860352,72.15493484974026,72.30949488860352,4.9,20.0,5.1,Average
68.99679680770288,67.33130943144765,68.0943456724871,67.33130943144765,2.5,15.0,4.1,Needs Improvement
52.47326870435623,48.31042779375577,50.00690888707605,48.31042779375577,3.5,12.0,2.0,Needs Improvement
74.01441391276661,71.51508103278164,71.08483168525214,71.51508103278164,4.8,23.0,6.4,Average
48.19658173485805,43.35028148196219,45.267169661041976,43.35028148196219,1.5,8.0,2.3,Needs Improvement
58.95909847105149,56.16282459263132,57.71365402338386,56.16282459263132,3.9,18.0,2.5,Needs Improvement
41.783627052075346,36.04758563319085,38.372186672103226,36.04758563319085,0.8,6.0,1.2,Needs Improvement
63.88357131588117,60.94462427372763,61.71043006165686,60.94462427372763,2.7,18.0,4.0,Needs Improvement
78.69320167756544,76.86607188569856,76.15154033640816,76.86607188569856,5.8,19.0,8.9,Average
75.50976259541355,73.96465858719509,73.86606164029688,73.96465858719509,3.8,21.0,5.3,Average
84.44746726427014,84.10607662898258,83.41850094249395,84.10607662898258,5.7,16.0,6.4,Average
72.96470364426992,71.88769697651941,72.4201640743377,71.88769697651941,4.8,12.0,5.5,Average
43.97037603952358,38.06495397485383,39.980373360824885,38.06495397485383,2.0,10.0,2.6,Needs Improvement
78.77730342563707,77.05379790754778,76.3864656935486,77.05379790754778,5.4,23.0,6.7,Average
49.01448482516436,44.803662284568894,46.96683728634799,44.803662284568894,2.0,7.0,2.1,Needs Improvement
72.55997143255485,69.0530875830126,68.25487232148062,69.0530875830126,6.2,24.0,7.5,Average
77.3616459828359,74.26691830378414,73.018267346778,74.26691830378414,4.9,27.0,8.2,Average
52.23971330796031,,49.68516081775337,47.999517478552285,2.9,14.0,3.7,Needs Improvement
65.02958750400792,60.695496290194015,60.50036023887064,60.695496290194015,5.6,24.0,7.0,Average
89.04025109598841,89.01298964169729,87.84880436838972,89.01298964169729,7.0,30.0,7.3,Good
93.42278043757358,93.85004095277162,92.31950689894572,93.85004095277162,6.9,24.0,9.1,Good
71.26497750329948,69.17441985170674,69.37053297889668,69.17441985170674,4.6,18.0,7.1,Average
55.526106295043405,51.48907101211865,52.82132137972687,51.48907101211865,2.8,15.0,2.5,Needs Improvement
54.764431784797644,49.55056926841819,50.31915757551597,49.55056926841819,3.7,12.0,4.4,Needs Improvement
54.32047509376167,50.13243111550583,51.55062382882225,50.13243111550583,2.9,11.0,4.3,Needs Improvement
39.70014266423368,34.1444971748125,36.869822228824155,34.1444971748125,0.7,9.0,1.8,Needs Improvement
76.50811512937128,75.3276884787541,75.29485680277695,75.3276884787541,3.9,24.0,7.1,Average
89.87260430992261,89.52654614581232,88.06128372204604,89.52654614581232,6.6,29.0,8.3,Good
52.43746176294492,49.23398089400931,51.48378300276826,49.23398089400931,1.1,6.0,1.2,Needs Improvement
83.64686340026971,81.21853092610255,79.4527890265399,81.21853092610255,7.8,30.0,10.0,Good
55.82217652057751,52.81408158981838,54.69200212644495,52.81408158981838,3.2,8.0,3.0,Needs Improvement
65.4351518326143,62.95112780021593,63.75523523418626,62.95112780021593,2.7,16.0,3.3,Needs Improvement
84.06148099261443,83.84942530772341,83.29089620312647,83.84942530772341,4.9,19.0,5.1,Average
39.548699086021,34.06354545311696,36.85078636488308,34.06354545311696,0.0,6.0,1.0,Needs Improvement
82.68090730051796,81.13749812716688,80.01542041374942,81.13749812716688,7.1,27.0,7.9,Good
85.30055860822566,83.5322766240963,81.90746426056157,83.5322766240963,7.0,28.0,8.4,Good
86.07854145268445,84.67153240119998,83.1420213071111,84.67153240119998,7.2,29.0,6.1,Good
59.13191775580242,53.54389995642417,53.474758677379114,53.54389995642417,4.3,23.0,5.9,Needs Improvement
75.43741356489825,72.82377922366899,72.12492909083824,72.82377922366899,6.5,17.0,8.3,Average
62.317172547014025,58.43544998076836,58.88629815048311,58.43544998076836,3.6,14.0,6.1,Needs Improvement
41.36243280021026,35.17347637072402,37.299439439558995,35.17347637072402,1.4,6.0,3.7,Needs Improvement
59.53870585234131,57.53999951885908,59.46378077796332,57.53999951885908,2.0,6.0,2.2,Needs Improvement
67.90816532682304,64.47192630408603,64.37862324440444,64.47192630408603,4.9,,4.3,Needs Improvement
39.629196055559355,,35.4657686198579,33.21876005607292,1.0,5.0,1.5,Needs Improvement
66.41258450601217,63.856806476033675,64.48027838661565,63.856806476033675,4.0,11.0,4.5,Needs Improvement
63.68621639239941,60.057141258211246,60.4567816969038,60.057141258211246,4.9,14.0,5.2,Needs Improvement
47.16317675759192,42.93985587544646,45.360361548850214,42.93985587544646,0.8,6.0,1.8,Needs Improvement
80.14281699982908,79.16259931757497,78.72492964202561,79.16259931757497,5.5,22.0,6.5,Average
61.657453089381804,58.44622085677659,59.37445199680478,58.44622085677659,3.2,15.0,6.0,Needs Improvement
64.24980324519503,62.04222153127321,63.173631516861455,62.04222153127321,1.6,14.0,5.6,Needs Improvement
65.92910314166387,63.41658985088189,64.13385323591163,63.41658985088189,3.2,16.0,4.7,Needs Improvement
71.2519546300412,68.87168185368232,68.90410389147135,68.87168185368232,4.8,17.0,5.3,Average
47.391287042465464,43.36159406624839,45.860157073772136,43.36159406624839,1.6,7.0,2.7,Needs Improvement
83.89307620021533,83.18270966149602,82.36348932505423,83.18270966149602,6.1,24.0,7.0,Good
91.78589992116066,91.14858280210531,89.24355874533644,91.14858280210531,6.8,30.0,9.6,Good
63.88457629541084,61.91321935302414,63.231790200887325,61.91321935302414,2.8,9.0,4.9,Needs Improvement
51.74476788821087,46.846823811469825,48.22731749787338,46.846823811469825,4.2,14.0,3.7,Needs Improvement
92.76254084657945,92.68078104937476,90.95369818717502,92.68078104937476,7.1,27.0,9.6,Good
91.22626823022743,90.8944119943457,89.24388439809508,90.8944119943457,6.4,29.0,8.8,Good
80.2094942631568,77.7409734006144,76.44331944156778,77.7409734006144,7.0,19.0,8.5,Average
75.46936472133645,74.69287710489351,75.03926064959234,74.69287710489351,3.8,20.0,5.2,Average
65.08788939346914,62.93128178012347,63.97209323057321,62.93128178012347,2.9,17.0,3.4,Needs Improvement
58.91981921979417,56.34436402808618,58.02698688713959,56.34436402808618,2.9,17.0,2.6,Needs Improvement
55.098630916120996,50.71192328019027,51.90542878592685,50.71192328019027,3.6,15.0,4.2,Needs Improvement
62.526729289829724,60.160221521992796,61.4469700418246,60.160221521992796,1.9,16.0,6.5,Needs Improvement
81.34926806796274,80.1493649489386,79.41381058550154,80.1493649489386,6.2,22.0,5.7,Average
73.82385840398162,71.06418007477725,70.51238411466312,71.06418007477725,4.3,28.0,7.3,Average
67.07089056734569,64.2958999036818,64.70006372911018,64.2958999036818,4.0,20.0,5.4,Needs Improvement
90.08094150532611,89.4840783601832,87.8457363479121,89.4840783601832,6.7,24.0,7.1,Good
55.3360233949,51.77335026832211,53.403819425291886,51.77335026832211,1.4,11.0,3.4,Needs Improvement
54.25282736765674,49.849716479295736,51.15467777628134,49.849716479295736,3.2,14.0,2.8,Needs Improvement
86.5232731896441,86.53340899715975,85.75016186007667,86.53340899715975,6.4,23.0,7.0,Good
59.54752125493769,56.6818128396085,58.10890499442928,56.6818128396085,2.9,14.0,3.8,Needs Improvement
64.34325281058823,61.62851009126395,62.45676385013746,61.62851009126395,4.2,18.0,4.0,Needs Improvement
52.59754835405091,49.921447294466645,52.44973978126837,49.921447294466645,1.4,1.0,1.2,Needs Improvement
40.53741881161642,35.372703668898254,38.20180661425695,35.372703668898254,0.3,9.0,0.3,Needs Improvement
46.39823549204897,42.14131566318119,44.65189926210689,42.14131566318119,1.5,8.0,2.7,Needs Improvement
56.93578299309549,53.84911100038441,55.52304371982158,53.84911100038441,2.1,11.0,3.4,Needs Improvement
92.86406315579221,93.25982656847287,91.79111092489151,93.25982656847287,7.2,27.0,7.9,Good
54.02099185053346,50.2742320739343,51.98737050865857,50.2742320739343,2.5,17.0,2.7,Needs Improvement
67.86607136421485,66.21526706685731,67.14822584490801,66.21526706685731,3.5,22.0,4.2,Needs Improvement
89.38334885437467,88.26274709049045,86.42478196050308,88.26274709049045,7.0,30.0,10.0,Good
91.04625567130589,91.64833025364385,90.55719349050757,91.64833025364385,6.2,24.0,10.0,Good
67.55892077022524,64.51485493240756,64.69554291505098,64.51485493240756,3.9,16.0,6.6,Needs Improvement
44.32534217614407,39.81581371902212,42.47817714693185,39.81581371902212,0.9,8.0,0.8,Needs Improvement
92.61445576134953,92.56886968331997,90.88361252996744,92.56886968331997,7.5,29.0,8.2,Good
75.92289606482473,73.62057463548122,73.03026295230997,73.62057463548122,5.1,20.0,8.3,Average
69.43464845785988,67.5725205318201,68.16064050867453,67.5725205318201,4.9,25.0,3.6,Average
89.15447707342545,88.15253219763994,86.41506697241603,88.15253219763994,6.5,25.0,8.8,Good
52.060690241957396,48.41296716280028,50.46274108300229,48.41296716280028,1.9,10.0,3.1,Needs Improvement
40.33896033730899,35.08462627076248,37.89086961312033,35.08462627076248,2.5,6.0,0.0,Needs Improvement
83.88741154803897,81.54806486078492,79.7988079612056,81.54806486078492,7.2,28.0,8.7,Good
62.8940468269181,60.3945470968421,61.55282627581039,60.3945470968421,3.7,11.0,3.2,Needs Improvement
54.830646574831206,51.311001715550276,53.038255142413874,51.311001715550276,0.8,10.0,3.2,Needs Improvement
57.44418692252953,53.40888760060384,54.46811842771352,53.40888760060384,2.8,14.0,4.4,Needs Improvement
77.5016818743354,76.73630678305567,76.79870932027646,,4.4,18.0,6.4,Average
41.145365411115584,35.917918299455664,38.62432489120492,35.917918299455664,1.5,8.0,2.7,Needs Improvement
40.944402511405364,35.368630415647736,37.90470314501404,35.368630415647736,1.2,6.0,1.7,Needs Improvement
72.65802764524162,69.49251008325076,68.87535324136434,69.49251008325076,5.6,21.0,7.2,Average
81.05666501984388,78.94935001209399,77.73707500483066,78.94935001209399,6.6,26.0,8.7,Average
88.65001374281015,88.28449063417209,86.98276118026317,88.28449063417209,6.9,23.0,7.2,Good
74.27507025603249,71.68578299281364,71.16689452011252,71.68578299281364,4.6,22.0,6.9,Average
49.524849736374414,45.157856527209354,47.158881873918695,45.157856527209354,2.9,7.0,1.4,Needs Improvement
59.28259187562975,56.41149059707604,57.87334816995539,56.41149059707604,2.2,7.0,2.9,Needs Improvement
45.86237960919268,42.285472805939655,45.26118611705326,42.285472805939655,0.0,4.0,1.6,Needs Improvement
71.69466233195473,70.36543198128578,70.93520573348141,70.36543198128578,3.0,18.0,5.4,Average
75.54367043053159,74.19561908780773,74.20477968760385,74.19561908780773,2.8,17.0,6.2,Average
52.231372270007014,48.70803612454919,50.80450514571514,48.70803612454919,2.4,11.0,2.3,Needs Improvement
65.10957086110486,62.044437076625236,62.56299336247907,62.044437076625236,4.3,14.0,5.8,Needs Improvement
45.02421410844209,40.57784108201728,43.1764544799971,40.57784108201728,0.0,2.0,3.4,Needs Improvement
62.02634931274483,57.51358078896857,57.64537744499003,57.51358078896857,5.5,19.0,6.9,Needs Improvement
49.823014183153866,46.06618790382078,48.37328514660847,46.06618790382078,1.8,10.0,4.2,Needs Improvement
63.640379224497835,59.58270003855195,59.74397204308319,59.58270003855195,4.8,22.0,6.9,Needs Improvement
61.43503161662075,59.27326479445721,60.8329649508465,59.27326479445721,3.3,19.0,2.8,Needs Improvement
43.421709435157766,38.49901029225723,41.05436657700582,38.49901029225723,0.7,4.0,0.0,Needs Improvement
71.9279511687599,70.11254742969075,70.3711808403998,70.11254742969075,3.9,24.0,5.7,Average
95.65487465359848,,93.96857914887444,95.91403884637396,8.1,30.0,10.0,Good
91.12979471514247,91.15681368451413,89.72513956484902,91.15681368451413,7.0,26.0,8.9,Good
58.86405317038966,55.37248215737038,56.53957683987513,55.37248215737038,3.4,17.0,5.1,Needs Improvement
42.35664326683638,35.750841281563154,37.49657682328755,35.750841281563154,2.7,4.0,4.5,Needs Improvement
52.15668870304759,49.02522965486326,51.35629752689398,49.02522965486326,0.7,3.0,2.4,Needs Improvement
38.11455317680196,32.567790471082134,35.52470418541337,32.567790471082134,0.6,13.0,1.8,Needs Improvement
85.19479982885021,84.94787889411369,84.20752409871423,84.94787889411369,6.9,23.0,5.5,Good
44.49774106906972,40.52649752661884,43.47182392106552,40.52649752661884,0.0,4.0,0.5,Needs Improvement
50.41331777539483,46.93229565765028,49.312666193882706,46.93229565765028,1.9,9.0,2.0,Needs Improvement
83.40089622717467,81.44138220451133,79.97867473053589,81.44138220451133,5.0,28.0,8.9,Good
65.680607792528,64.21513766958435,65.56621077182685,64.21513766958435,4.1,10.0,3.5,Needs Improvement
81.71220898763116,82.43768246769164,82.75049460092177,82.43768246769164,5.4,21.0,5.2,Average
47.492344622554896,43.775905608279814,46.43903408261478,43.775905608279814,0.1,5.0,1.5,Needs Improvement
43.6288527442058,38.68788868960076,41.20321598065419,,0.0,8.0,1.2,Needs Improvement
74.3233872553803,72.37748432522632,72.21934161436974,72.37748432522632,4.7,23.0,5.0,Average
61.0188645049612,58.45202659361095,59.83971000070206,58.45202659361095,2.3,8.0,4.3,Needs Improvement
63.82606532430261,60.95771128613001,61.772071075131,60.95771128613001,2.0,17.0,3.2,Needs Improvement
65.40925036777905,62.041482571410405,62.34429377808846,62.041482571410405,3.3,17.0,5.4,Needs Improvement
74.88958014903858,73.51091539322455,73.59602408289676,73.51091539322455,4.2,22.0,6.2,Average
79.30686210402395,77.21895002037239,76.26773424342521,77.21895002037239,4.7,25.0,7.4,Average
85.44286545780076,84.16494368748603,82.8000076104775,84.16494368748603,5.9,30.0,6.9,Good
85.69876507528711,85.70081144595758,85.03072864701396,85.70081144595758,6.7,21.0,6.7,Good
53.37367213853453,47.81240248800671,48.58115238220016,47.81240248800671,2.1,15.0,6.2,Needs Improvement
43.25538220619923,38.628405047724186,41.37650635628142,38.628405047724186,1.8,12.0,0.9,Needs Improvement
76.52930177967683,76.24153501958197,76.71576804528824,76.24153501958197,2.8,20.0,4.4,Average
59.919282210056615,56.54485332022883,57.62813935317629,56.54485332022883,2.4,11.0,4.5,Needs Improvement
42.17919111986141,37.27822812105031,40.0235076760352,37.27822812105031,0.9,7.0,0.6,Needs Improvement
55.578607518573655,52.62052474892597,54.56181923504535,52.62052474892597,4.1,8.0,2.4,Needs Improvement
96.2089948499271,96.9444012016352,95.19191985262167,96.9444012016352,6.7,28.0,9.6,Good
89.5678867259115,88.76055956469199,87.07524594029348,88.76055956469199,7.1,30.0,8.4,Good
37.3699961319911,30.667321350612752,33.07007917096925,30.667321350612752,0.3,3.0,1.9,Needs Improvement
49.095202048167316,44.385389355955425,46.25189609638187,44.385389355955425,1.5,9.0,4.1,Needs Improvement
60.32255109813867,57.18237275145295,58.341906396469874,57.18237275145295,2.7,12.0,4.4,Needs Improvement
85.28038417897764,83.70369300877152,82.19124317165692,83.70369300877152,6.8,21.0,8.9,Good
76.63292590795152,74.74932131178353,74.29684355569447,74.74932131178353,6.8,19.0,7.1,Average
60.26907234464661,57.035124339021344,58.148715143714526,57.035124339021344,3.0,14.0,5.0,Needs Improvement
58.673636805294265,55.36952178269966,56.67093651188927,55.36952178269966,3.5,11.0,4.6,Needs Improvement
61.40299359407444,59.18158787200306,60.7117855173802,59.18158787200306,4.3,11.0,1.5,Needs Improvement
61.60016034675136,59.50451593536786,61.078410507898525,59.50451593536786,2.9,12.0,4.3,Needs Improvement
47.54979426622785,44.16603843357488,47.01106449116921,44.16603843357488,1.5,9.0,1.6,Needs Improvement
71.74274662301269,69.39391746020289,69.37419413530975,69.39391746020289,4.2,25.0,6.3,Average
95.34949354639237,95.47575806161491,93.49798156368603,95.47575806161491,7.0,30.0,10.0,Good
61.771198400539,57.44345511497565,57.71743060886244,57.44345511497565,4.1,24.0,5.4,Needs Improvement
95.07762095270584,96.53027837000178,95.34927961521291,96.53027837000178,6.9,26.0,7.8,Good
55.788237148370854,51.80965320168638,53.13785706809942,51.80965320168638,3.8,14.0,4.1,Needs Improvement
88.28232025762374,87.53801014391688,86.07235861356672,87.53801014391688,7.6,25.0,7.1,Good
65.40701514121777,63.198780331852475,64.16450113489834,63.198780331852475,3.7,16.0,4.2,Needs Improvement
64.90232890104814,62.13138714071269,62.8476591489427,62.13138714071269,3.3,15.0,6.7,Needs Improvement
55.18935733498834,51.95186437235861,53.7891030601433,51.95186437235861,0.8,10.0,2.6,Needs Improvement
68.97345943786509,,67.4403045463856,66.90449354672951,3.6,11.0,5.9,Needs Improvement
94.50133611167821,95.59391616503908,94.2894853224341,95.59391616503908,6.8,27.0,9.5,Good
57.999622513558926,55.50158611516931,57.359904957009675,55.50158611516931,1.3,11.0,3.3,Needs Improvement
61.09606078194499,58.372305356741315,59.659293573489926,58.372305356741315,4.7,15.0,5.2,Needs Improvement
88.47544420914147,87.82639059893032,86.38758222036088,87.82639059893032,7.0,25.0,7.7,Good
58.09749736221659,55.79069491151616,57.744308173656414,55.79069491151616,1.2,12.0,2.7,Needs Improvement
73.82684678081368,72.25345435827442,72.37910914813575,72.25345435827442,5.3,19.0,7.2,Average
86.9273250347506,86.67009530052285,85.67634616171404,86.67009530052285,5.4,30.0,8.2,Good
77.04607071021097,74.18582615530497,73.11624773675712,74.18582615530497,5.5,29.0,8.2,Average
76.0844170543154,75.15769455047717,75.33036496909598,75.15769455047717,4.0,,5.7,Average
67.33360689507911,65.71877283646538,66.74835238938908,65.71877283646538,2.5,11.0,4.2,Needs Improvement
37.46808294988536,31.22160240697009,33.87103024674917,31.22160240697009,0.0,8.0,1.1,Needs Improvement
53.012775217625034,47.777826839563915,48.784602735296836,,2.7,14.0,5.2,Needs Improvement
92.93634742481042,94.01437531887983,92.92519876908942,94.01437531887983,5.7,23.0,9.3,Good
45.79235259632491,40.89738394838197,43.12992292151102,40.89738394838197,1.5,12.0,3.6,Needs Improvement
76.72351154113703,75.02960858990727,74.6725909690421,75.02960858990727,5.3,18.0,6.7,Average
93.63862222687274,94.38556603141288,93.00687360159682,94.38556603141288,7.6,26.0,8.3,Good
85.08143097763285,83.73287170550977,82.37920483892044,83.73287170550977,7.1,26.0,7.5,Good
85.97159395810144,86.25585641307987,85.70806439333876,86.25585641307987,5.3,27.0,6.6,Good
86.83905530883455,87.92428619812434,87.71026737645643,87.92428619812434,4.2,15.0,7.6,Good
52.35247417491345,48.45961424004264,50.32762653798597,48.45961424004264,1.6,11.0,2.1,Needs Improvement
70.33501091624339,68.43623452163595,68.87478930811123,68.43623452163595,3.3,15.0,5.0,Average
78.71654502253428,76.91354800135471,76.20947184317578,76.91354800135471,5.8,22.0,7.1,Average
37.00133143249319,31.227975645953347,34.214439277574414,31.227975645953347,1.1,8.0,0.6,Needs Improvement
64.15189932359038,,61.864358737068805,61.16454616158487,4.0,21.0,5.4,Needs Improvement
47.300192228164605,43.310533640193604,45.84498698590095,43.310533640193604,2.1,6.0,2.7,Needs Improvement
75.92128617737872,73.0524459262325,72.13863918595199,73.0524459262325,6.1,19.0,7.4,Average
43.22449168544619,37.059262892462314,38.932776198550656,37.059262892462314,1.1,7.0,2.9,Needs Improvement
90.57930085506607,91.24585053336727,90.25826451310138,91.24585053336727,6.8,26.0,7.9,Good
71.76578204151812,68.99533933759865,68.73140321514207,68.99533933759865,5.8,18.0,7.3,Average
92.97643454694493,92.95349792917084,91.22947206945064,92.95349792917084,7.0,30.0,6.5,Good
48.35393598894354,44.0268234804971,46.21791119153578,44.0268234804971,1.6,10.0,2.3,Needs Improvement
58.831159845848454,55.43510324684075,56.661476640858,55.43510324684075,3.0,,4.2,Needs Improvement
41.219131965342555,35.500626667147614,37.915890501701575,35.500626667147614,1.5,11.0,0.4,Needs Improvement
75.24386328935405,73.00083455051592,72.54140908698639,73.00083455051592,5.0,19.0,6.7,Average
79.90319768616048,77.5651961090943,76.38588125274782,77.5651961090943,5.4,22.0,9.7,Average
71.75849207238443,69.62604879651751,69.72772519996722,,4.2,16.0,5.7,Average
100.0,100.0,100.0,100.0,6.8,30.0,8.7,Good
58.355729800376274,55.80296811935438,57.579142901573825,55.80296811935438,3.1,14.0,2.7,Needs Improvement
46.071907994994504,42.196447871878384,44.97162665938425,42.196447871878384,1.1,4.0,0.0,Needs Improvement
60.718638339102455,58.426121912619344,60.01344990618579,58.426121912619344,1.5,13.0,3.7,Needs Improvement
81.53847766279037,80.98057510464766,80.58484826245318,80.98057510464766,4.7,17.0,6.3,Average
62.985067199071864,59.66072487265856,60.3346625148407,59.66072487265856,3.2,11.0,6.5,Needs Improvement
68.51234188876847,66.69229353708452,67.4362170662982,66.69229353708452,4.4,17.0,4.6,Needs Improvement
73.68819929093812,71.42425916624396,71.17512205342757,71.42425916624396,7.2,23.0,6.1,Average
58.96273102862944,54.914679403050926,55.74968832720186,54.914679403050926,4.7,13.0,5.1,Needs Improvement
54.63730484838614,51.2617921774505,53.09902710143213,51.2617921774505,2.2,10.0,2.9,Needs Improvement
61.56498502047394,58.18219631232925,59.025604904750296,58.18219631232925,4.7,15.0,4.0,Needs Improvement
81.62953004321065,81.25431583967129,80.9499748600473,81.25431583967129,5.7,23.0,6.4,Average
54.385635014748054,50.20197333885373,51.61336166480727,50.20197333885373,2.5,15.0,4.5,Needs Improvement
66.5248276927786,63.28286455535557,63.498195949288316,63.28286455535557,4.5,24.0,4.0,Needs Improvement
34.50935405967654,27.959407702809465,30.858102061788763,27.959407702809465,0.1,3.0,0.8,Needs Improvement
69.13176053169553,66.78560597159164,67.14040900414719,66.78560597159164,3.8,13.0,6.2,Needs Improvement
62.14635456017865,59.80353808421221,61.15816373220585,59.80353808421221,1.6,13.0,4.4,Needs Improvement
46.00097825666889,41.55352676043242,44.011986154487445,41.55352676043242,1.2,12.0,3.7,Needs Improvement
85.53679697120613,86.58095913659898,86.52950937807972,86.58095913659898,4.0,23.0,7.1,Good
76.63661810633963,75.34389697675672,75.22853945894656,75.34389697675672,4.8,22.0,6.5,Average
95.20071341629449,95.27653792345099,93.29119286806977,95.27653792345099,7.3,30.0,10.0,Good
87.56752393404422,86.38434174195986,84.7700199273339,86.38434174195986,6.1,26.0,8.3,Good
81.72797775129985,81.26672718527892,80.89915861165271,81.26672718527892,5.1,26.0,8.0,Average
37.95082410239536,32.13690894070753,34.96455397654371,32.13690894070753,2.0,5.0,1.4,Needs Improvement
72.80694298289585,70.10991609580489,69.73919459133921,70.10991609580489,4.0,23.0,6.0,Average
54.8720054696188,50.39464068558916,51.56871717048382,50.39464068558916,2.1,15.0,5.5,Needs Improvement
91.25166055953993,91.3478875494593,89.93835146376466,91.3478875494593,5.2,25.0,7.5,Good
54.01599742506124,50.379509369685046,52.1563737058899,50.379509369685046,0.4,6.0,2.6,Needs Improvement
51.17822930986775,47.49714392154112,49.65391951251623,47.49714392154112,1.9,11.0,3.1,Needs Improvement
92.66392912080482,92.45009408087107,90.66162704079396,92.45009408087107,7.4,30.0,9.3,Good
88.64023669608468,87.80821118768746,86.24130565487697,87.80821118768746,6.2,29.0,8.7,Good
50.57359432754518,46.047456732398736,47.80772177409431,46.047456732398736,1.7,8.0,2.0,Needs Improvement
72.9471957065644,71.0024306275309,71.04153691000255,71.0024306275309,4.0,22.0,5.5,Average
76.4633585996047,75.55805185679064,75.68882534666766,75.55805185679064,4.1,18.0,5.9,Average
91.27886389438802,90.95587999781212,89.3029086434276,90.95587999781212,6.1,30.0,8.5,Good
79.38182708901621,77.96113812758294,77.38048342261874,77.96113812758294,3.7,24.0,8.8,Average
82.1323646557893,82.36076289954788,82.32950980229718,82.36076289954788,3.9,22.0,5.5,Average
42.70842521390703,36.98257292413369,39.18088229941935,36.98257292413369,1.1,6.0,3.2,Needs Improvement
71.52123399898521,69.59819033765467,69.8534176741822,69.59819033765467,3.3,17.0,5.0,Average
99.51366547079618,100.0,98.9274872941768,100.0,8.2,27.0,6.9,Good
87.83593453111109,88.27026190811124,87.54188690480974,88.27026190811124,5.4,21.0,8.8,Good
44.49015983529534,39.917026117060935,42.519498301599086,39.917026117060935,0.8,6.0,1.9,Needs Improvement
80.42830709581307,79.42621922848632,78.93526800489774,79.42621922848632,6.0,26.0,5.9,Average
56.525015287820395,52.8023459922443,54.171532782226464,52.8023459922443,0.8,6.0,2.9,Needs Improvement
57.82475675794226,54.532090676742314,55.96131623635061,54.532090676742314,2.8,18.0,2.5,Needs Improvement
62.25066753535417,59.505933528716916,60.615990162730746,59.505933528716916,2.6,14.0,2.8,Needs Improvement
90.92330106710614,90.03218641491073,88.10536360406962,90.03218641491073,9.0,30.0,10.0,Good
74.80720071866877,72.94801458482152,72.77030811995614,,4.5,21.0,6.7,Average
74.76939167122694,,71.15590864788246,71.9034835355738,5.1,23.0,6.8,Average
53.24639871641376,49.38209510270069,51.13872179251982,49.38209510270069,3.5,10.0,3.3,Needs Improvement
71.65739361791768,69.19393760393837,69.12090650767624,69.19393760393837,5.0,25.0,6.4,Average
