cgpa,attendance,technical_score,communication_score,projects_completed,internship_months,certifications,aptitude_score,placed
6.61,72.4,42.8,45.6,4,2,3,46.8,1
5.75,59.7,37.4,31.4,2,2,1,35.9,0
5.77,65.4,47.6,51.1,5,3,0,41.3,0
,80.9,69.9,67.8,6,5,4,92.1,1
8.7,88.6,82.4,96.0,7,6,4,69.5,1
8.71,91.2,73.0,75.0,10,5,3,87.4,1
9.82,88.2,82.8,90.4,11,7,4,,1
4.35,60.3,25.8,46.5,2,0,0,40.4,0
4.55,54.0,,15.0,0,0,1,41.6,0
5.65,53.5,34.0,28.4,0,1,1,44.1,0
5.61,57.2,38.7,30.0,2,2,0,40.4,0
4.53,61.6,40.1,37.0,4,0,4,35.5,0
6.47,70.0,47.3,62.4,4,2,1,54.4,1
6.72,86.6,57.0,47.2,4,3,3,65.3,1
6.41,61.1,43.2,40.2,1,3,2,57.8,0
6.17,77.0,59.3,63.1,5,2,1,55.7,1
4.05,47.2,22.9,25.1,0,0,0,33.4,0
5.79,50.2,33.4,43.0,1,0,2,37.0,0
4.9,57.5,34.6,40.5,0,1,0,41.8,0
7.07,64.2,63.8,73.2,6,4,2,46.5,0
4.35,46.7,26.4,31.8,0,0,2,24.2,0
9.83,100.0,95.8,97.9,8,7,4,92.7,1
7.01,66.6,45.9,62.4,5,4,2,48.4,1
6.16,60.0,55.8,37.2,2,2,0,50.2,1
9.14,75.7,82.3,80.0,7,6,4,82.2,1
4.56,60.4,18.4,27.0,1,2,1,33.6,0
6.87,59.8,56.7,46.0,2,2,2,49.0,1
5.01,54.0,27.1,24.0,1,1,2,38.9,0
9.44,94.0,,77.6,8,5,5,85.1,1
8.7,82.7,69.2,83.0,8,3,3,76.6,1
9.15,93.0,83.9,78.0,8,5,4,71.0,1
5.08,55.2,37.8,25.7,0,0,1,50.5,0
6.23,67.7,50.2,53.3,2,2,2,58.0,0
6.16,73.7,60.4,55.9,6,3,1,67.8,0
4.08,52.1,25.8,30.3,1,0,0,22.3,0
4.2,53.2,23.1,17.3,0,0,0,43.2,0
4.75,50.2,22.0,13.1,0,0,0,24.9,0
7.78,72.0,61.8,48.8,5,4,4,60.9,1
8.4,93.8,95.4,87.6,8,3,2,85.4,1
8.4,85.0,81.8,76.3,9,4,3,84.1,1
7.37,75.7,63.4,74.8,6,1,4,59.9,1
8.05,76.0,68.4,65.4,9,6,3,70.1,1
4.92,53.1,39.5,28.3,1,0,1,50.6,0
5.31,62.1,34.4,39.2,3,1,0,35.6,0
8.12,79.9,45.3,70.0,6,1,2,68.9,1
7.5,63.2,58.3,69.0,5,2,3,69.2,1
9.69,95.0,87.1,86.0,8,4,3,84.0,1
8.91,94.4,90.0,80.6,9,5,5,87.8,1
7.43,67.8,55.5,56.7,2,3,1,51.0,1
9.13,93.5,83.7,89.4,9,5,5,81.4,1
4.48,52.3,46.0,38.1,0,0,1,50.2,0
6.65,69.9,41.2,58.1,3,3,1,55.0,1
9.48,91.2,82.4,99.8,10,5,5,82.3,1
8.09,94.1,80.8,80.9,9,6,3,88.5,1
6.31,73.7,61.2,55.2,2,3,3,57.8,1
5.32,54.6,22.8,38.8,2,2,0,44.8,1
5.16,57.7,48.2,25.8,2,0,0,38.0,0
7.81,75.5,82.5,61.6,5,2,4,73.9,1
10.0,96.1,97.3,78.5,12,7,5,96.4,1
4.52,43.0,34.3,37.8,0,1,0,35.4,0
8.99,84.9,90.5,76.8,6,6,4,82.8,1
7.0,72.0,49.2,56.2,7,3,1,50.0,1
8.26,85.0,67.6,89.4,7,6,4,89.2,1
7.24,74.3,58.3,54.0,7,2,2,58.8,1
5.74,58.8,27.9,39.1,0,0,1,46.4,0
,51.1,50.4,28.2,3,0,1,36.3,0
7.68,75.0,71.0,59.4,7,6,5,76.0,1
9.03,100.0,86.8,86.7,9,5,4,92.2,1
7.88,86.1,72.2,72.4,8,4,3,78.7,1
6.02,59.2,38.1,50.3,3,2,2,48.1,1
9.27,87.8,90.6,82.7,9,5,4,76.7,1
8.85,90.7,80.7,80.0,11,4,4,73.5,1
8.19,94.0,66.1,55.4,8,3,4,68.6,1
6.41,62.4,41.3,43.2,1,2,0,45.3,0
6.29,63.0,52.6,51.8,3,3,2,45.0,0
4.93,56.8,20.4,19.7,1,0,0,34.5,0
6.28,68.9,30.7,36.6,2,3,1,39.9,1
9.8,86.5,87.8,75.7,8,6,5,87.2,1
7.44,79.7,42.7,54.5,5,3,3,65.4,1
8.18,89.6,69.2,73.8,7,6,3,82.5,1
6.48,66.9,50.3,58.9,4,3,1,48.3,1
9.1,100.0,91.6,94.2,9,5,4,80.3,1
5.62,52.2,11.2,26.8,4,1,0,36.5,0
7.61,79.7,54.5,58.4,6,3,3,61.0,1
9.18,75.7,67.4,78.4,10,5,4,76.6,1
5.37,56.8,47.0,35.2,3,0,2,44.4,1
5.53,49.9,30.7,22.5,0,0,0,26.5,0
5.98,71.0,39.9,40.1,6,2,2,58.7,1
5.67,53.3,58.8,28.9,1,0,0,54.9,1
6.75,64.7,61.0,60.2,4,3,3,67.3,1
7.88,77.2,70.8,70.9,4,2,2,59.3,1
9.35,90.2,82.2,90.4,9,5,5,82.6,1
5.27,59.5,42.3,33.3,3,0,1,37.8,0
7.06,71.0,58.8,42.6,4,4,2,55.4,1
9.35,88.5,82.8,78.0,7,4,4,78.0,1
8.88,96.4,75.6,82.6,8,4,5,86.7,1
6.52,62.7,47.8,48.5,2,3,3,50.1,1
9.33,90.9,93.8,84.2,11,5,4,81.2,1
6.38,76.7,57.6,45.2,3,2,1,59.2,1
5.36,63.2,32.9,30.8,3,2,0,36.2,0
5.27,55.1,37.5,36.0,2,2,1,,0
5.62,60.3,30.6,37.0,5,1,0,38.7,0
4.59,43.8,19.7,25.2,0,0,0,31.8,0
6.08,59.5,46.9,45.9,4,2,2,45.9,1
4.56,50.3,31.2,33.3,0,0,0,19.1,0
6.6,76.5,44.8,46.7,0,2,2,52.7,1
9.86,95.5,100.0,93.9,9,4,4,99.4,1
4.84,50.5,38.2,20.3,2,2,1,37.2,0
8.89,100.0,84.5,93.1,5,7,6,87.7,1
4.51,55.7,23.7,24.4,2,1,0,28.9,0
4.38,55.2,35.2,29.3,2,0,0,27.8,0
5.63,58.1,30.0,32.5,4,1,0,43.6,0
9.08,93.1,83.1,97.1,6,5,6,85.6,1
5.34,52.9,20.6,21.0,0,0,1,38.7,0
6.35,75.0,48.1,55.8,5,2,1,59.6,1
9.21,89.5,76.9,73.5,7,5,4,68.3,1
8.32,76.5,90.5,73.8,8,5,3,70.4,1
8.18,81.9,60.3,77.6,5,4,1,55.0,1
7.22,85.7,88.0,84.3,6,4,4,82.6,1
8.04,82.9,68.0,68.0,8,5,4,82.8,1
9.22,100.0,74.3,77.2,9,5,6,78.9,1
5.4,50.1,42.0,42.0,2,1,1,36.1,0
4.76,50.9,28.7,35.7,1,1,1,33.9,0
7.83,83.9,58.1,64.6,8,2,4,83.2,1
8.62,79.3,77.2,65.8,6,3,4,81.0,1
4.85,59.9,49.5,39.7,1,2,1,38.1,0
5.78,76.6,54.8,54.7,7,2,2,59.7,1
7.24,77.0,79.7,71.3,7,4,3,84.2,1
6.52,59.5,40.0,44.2,3,2,3,50.1,0
,57.4,37.3,35.3,1,2,0,33.2,1
7.75,70.9,67.3,59.0,5,5,3,72.5,1
7.01,85.3,72.5,69.9,4,4,2,67.6,1
5.65,54.9,29.3,28.2,2,0,0,40.0,0
6.78,75.8,51.7,53.7,4,4,2,61.2,1
5.61,56.5,33.1,19.8,3,1,1,40.4,0
6.88,68.1,72.1,66.7,2,1,2,58.9,0
9.32,93.9,80.7,91.3,8,5,5,,1
6.61,57.6,37.5,34.7,3,2,1,40.5,0
4.97,52.8,45.0,33.5,3,0,1,38.1,0
5.05,59.2,27.7,31.7,0,2,1,40.0,0
8.84,78.1,71.5,68.3,8,5,2,76.3,1
6.39,76.8,62.9,75.5,6,3,3,52.9,1
4.91,63.0,37.1,45.1,1,2,1,57.7,0
8.41,79.1,80.1,81.9,11,4,3,,1
8.04,87.1,66.9,79.1,7,4,3,89.9,1
5.15,68.1,44.6,32.9,3,1,0,47.7,0
8.63,89.1,80.4,79.3,7,6,3,83.0,1
9.33,93.3,86.7,96.1,8,5,3,95.3,1
6.78,58.9,53.1,41.9,6,3,1,44.5,1
5.96,70.1,39.8,45.8,4,3,1,46.6,0
8.26,74.6,70.8,67.5,6,5,2,68.8,1
5.5,57.1,30.7,43.1,0,0,1,27.0,0
10.0,100.0,96.5,79.8,8,7,5,75.8,1
8.85,97.3,82.0,81.2,9,7,6,89.9,1
8.25,92.1,76.6,84.3,8,5,4,61.2,1
5.14,53.2,41.9,32.9,1,2,1,28.8,0
8.81,83.1,81.5,77.1,9,4,4,80.8,1
6.12,70.7,59.8,50.9,3,3,3,49.7,1
6.49,63.0,,38.1,3,1,1,35.2,1
6.1,66.6,62.5,45.2,2,1,3,32.2,0
8.82,80.3,76.9,77.8,9,6,4,74.7,1
4.18,42.9,16.6,20.4,0,1,0,10.4,0
7.14,83.8,58.8,70.2,5,3,2,65.0,1
5.85,58.4,51.0,47.5,2,2,1,41.6,0
4.43,45.5,27.7,34.8,0,3,1,44.0,0
8.79,78.9,82.6,90.2,9,5,6,89.1,1
4.96,67.1,38.8,33.1,1,0,0,33.2,0
6.41,75.1,55.7,55.7,3,2,2,61.6,1
5.78,65.3,38.1,27.0,3,2,2,48.3,0
5.74,60.7,33.6,46.4,0,0,3,47.7,0
4.98,39.8,23.8,29.8,0,1,1,32.5,0
5.08,55.8,32.6,52.6,0,0,1,33.5,0
6.98,70.9,56.6,56.6,5,3,3,65.4,0
5.21,68.4,47.3,49.6,1,4,1,50.2,1
5.43,61.5,60.5,42.9,5,3,1,37.5,1
5.89,56.2,14.1,29.9,2,0,1,31.1,0
,72.6,69.0,53.6,6,3,1,53.7,1
5.45,47.2,11.7,39.4,1,2,0,40.4,0
9.26,94.3,93.2,89.3,11,5,3,100.0,1
6.02,64.1,42.4,44.9,3,2,0,61.8,0
4.83,56.7,33.4,49.9,1,2,0,39.0,0
7.29,76.6,59.7,64.7,6,3,3,60.8,1
8.56,85.2,68.0,62.7,5,4,4,82.8,1
7.87,78.2,67.1,84.8,4,3,4,60.1,1
9.32,85.9,93.1,94.3,10,5,5,83.1,1
5.1,49.0,33.5,21.4,0,0,0,43.3,0
7.27,76.8,70.0,63.0,6,4,3,71.6,1
7.27,72.1,42.9,44.4,3,2,2,60.5,1
6.64,60.6,56.1,55.8,5,5,3,63.9,1
4.59,47.3,30.3,29.6,0,1,0,19.6,0
9.11,84.9,84.2,79.9,6,3,5,88.0,1
10.0,100.0,87.2,100.0,11,5,4,95.5,1
4.32,54.5,25.2,26.8,0,0,2,43.3,0
7.64,79.8,54.4,59.6,2,4,5,63.3,0
7.92,81.1,79.6,77.2,6,4,4,73.8,1
6.24,63.1,35.4,53.2,0,1,1,49.9,0
8.8,94.3,86.7,71.6,11,4,5,88.7,1
9.43,82.4,83.1,79.1,7,5,5,82.0,1
6.79,73.0,58.3,54.9,6,3,1,51.3,1
9.92,100.0,84.5,82.1,12,6,4,86.9,1
8.3,75.9,76.2,65.3,5,3,0,69.6,1
7.11,87.4,76.8,81.1,7,5,2,77.8,1
,97.6,88.6,97.4,7,4,6,100.0,1
8.39,82.1,69.8,77.6,5,4,3,68.8,1
6.6,63.2,57.6,44.1,4,2,2,,1
8.79,80.3,72.4,88.0,6,5,3,77.2,1
5.09,53.3,32.6,37.8,1,2,2,34.4,0
6.84,63.3,45.5,31.4,2,2,1,53.5,1
7.02,72.5,75.5,72.6,5,3,2,72.7,1
9.75,93.0,87.4,89.2,10,7,5,95.1,1
6.41,64.9,35.6,42.9,3,1,3,52.4,1
4.88,48.3,29.4,29.5,0,0,0,36.9,0
,77.2,45.9,62.1,7,2,3,79.1,1
8.57,100.0,85.7,86.6,11,6,4,82.4,1
5.08,64.3,35.8,59.1,3,1,1,,0
8.04,75.2,55.7,52.9,3,5,2,74.0,1
7.48,76.1,67.4,67.5,11,3,3,74.2,1
7.42,81.2,73.3,72.3,7,5,4,72.0,1
4.61,53.2,24.5,20.4,0,0,0,22.4,0
4.7,59.6,41.4,31.9,1,2,0,35.0,0
7.95,82.6,51.9,76.6,6,5,3,68.2,1
7.86,85.6,59.5,66.2,10,3,3,66.1,1
9.27,97.5,83.1,94.3,10,6,5,100.0,1
7.57,80.7,80.5,84.2,9,5,2,75.7,1
5.9,64.0,48.0,45.6,3,0,1,34.9,0
6.47,75.2,63.1,50.4,5,2,0,59.1,0
8.47,68.9,66.4,55.7,7,4,3,59.3,1
9.31,87.3,69.6,78.6,11,4,5,72.1,1
9.73,90.9,84.6,98.2,11,7,6,91.6,1
8.81,80.2,69.0,80.2,7,4,5,82.9,1
9.81,99.6,81.6,87.0,8,6,6,100.0,1
9.81,96.7,93.0,92.6,12,7,4,96.1,1
5.36,53.6,30.3,29.8,0,0,0,25.3,0
8.17,80.0,,80.7,6,4,4,60.8,1
9.36,91.3,89.8,100.0,9,6,7,,1
6.74,65.8,44.7,42.0,2,2,2,46.2,0
7.16,75.3,48.3,47.7,5,4,3,47.2,1
5.41,67.3,28.5,25.5,1,1,2,45.6,0
6.95,64.9,54.1,38.4,3,2,3,41.2,1
9.95,100.0,100.0,88.0,11,7,3,96.8,1
5.45,68.5,36.8,43.7,3,2,1,43.9,0
10.0,87.1,92.3,81.4,11,5,4,86.3,1
5.54,57.1,26.1,41.2,1,2,0,28.4,0
8.35,82.5,67.8,87.9,5,3,4,62.4,1
7.25,73.3,53.7,46.4,4,2,3,63.4,1
7.83,74.0,58.9,66.0,5,3,2,58.4,1
4.26,55.6,24.6,28.4,3,1,1,46.4,0
6.53,70.0,39.5,54.3,4,3,3,54.6,1
6.39,67.8,38.9,45.8,3,3,1,53.8,0
6.83,70.8,52.5,40.1,3,2,2,56.0,1
7.2,81.7,70.8,59.9,7,3,2,71.6,1
7.33,71.8,66.3,61.6,6,4,1,58.1,0
5.85,68.0,52.9,55.1,2,2,3,65.5,1
4.93,61.9,36.0,41.6,1,1,1,43.0,0
6.71,83.8,79.8,66.0,3,2,3,74.1,1
8.69,90.7,75.7,65.6,9,6,4,82.1,1
8.72,84.9,76.5,85.0,5,4,4,70.6,1
8.8,93.0,88.4,94.7,9,6,5,86.5,1
9.17,100.0,97.1,92.8,10,5,3,86.7,1
9.58,97.7,82.9,82.3,11,6,4,87.6,1
8.8,98.8,79.0,83.0,5,4,5,81.8,0
7.69,59.9,64.6,31.8,6,2,0,60.0,1
5.0,49.7,14.6,33.2,3,1,0,21.8,0
8.5,87.4,66.6,82.8,8,4,4,64.3,1
7.96,81.9,70.5,66.7,7,5,3,72.9,1
8.69,82.1,78.6,76.1,7,4,3,65.7,1
9.21,85.4,93.8,77.5,7,4,2,92.3,1
4.91,66.7,33.6,33.9,4,2,3,42.0,0
4.1,53.2,39.8,36.5,1,0,1,43.4,0
8.9,97.0,65.3,90.3,13,4,4,87.7,1
9.17,90.2,88.0,82.6,13,5,4,71.4,1
5.63,55.2,48.5,59.2,3,2,0,54.8,1
7.65,76.8,66.4,63.1,6,3,3,48.3,1
4.66,54.0,30.2,36.9,2,0,0,26.8,0
6.99,99.4,83.4,74.6,11,4,4,77.1,1
9.33,98.3,90.8,86.3,10,8,5,88.1,1
7.41,77.1,55.9,57.2,5,4,5,72.4,1
6.1,63.8,37.0,33.3,3,0,1,56.9,0
6.0,59.2,32.0,47.4,4,1,1,38.9,0
4.3,62.2,32.3,33.6,2,1,0,35.6,0
7.62,74.3,53.9,64.4,5,1,3,72.3,1
8.4,81.5,80.6,80.7,7,4,2,86.7,1
7.87,83.4,75.9,77.8,8,6,5,85.9,1
4.71,57.1,35.5,33.2,0,0,0,38.2,0
8.29,83.9,74.1,57.4,7,3,1,65.7,1
9.74,88.5,96.9,81.2,8,3,5,77.4,1
9.1,91.4,74.5,76.7,7,5,5,80.9,1
9.37,98.5,100.0,100.0,11,6,4,94.1,1
7.03,70.7,52.5,53.5,4,4,2,58.0,1
8.13,84.3,64.6,67.7,5,4,3,65.8,1
6.53,68.1,65.2,74.9,2,1,1,55.5,1
4.86,55.1,23.7,26.6,0,0,0,25.4,0
4.98,42.4,16.9,32.6,0,1,0,38.1,0
6.73,44.2,38.0,18.7,2,0,1,31.2,0
9.68,88.5,74.3,96.9,8,7,5,79.3,1
6.67,64.7,44.5,41.7,3,3,1,44.2,0
,79.2,83.6,71.4,8,2,4,73.5,1
5.67,52.0,49.9,45.4,2,1,0,48.7,1
7.27,81.9,69.4,76.7,7,1,4,64.6,1
6.23,55.4,49.7,50.9,3,1,0,55.6,0
7.5,76.9,53.0,63.8,7,2,3,67.7,1
5.7,72.2,66.1,66.3,5,2,1,55.5,1
5.95,70.2,38.5,28.1,0,2,1,49.0,0
4.66,48.5,25.3,18.5,3,0,1,29.1,0
7.19,66.4,46.6,53.9,5,4,2,60.2,1
5.07,54.0,29.4,45.0,2,1,0,57.1,0
6.22,67.6,41.2,59.6,3,2,1,64.8,1
8.68,91.3,74.6,81.0,8,5,5,91.4,1
7.81,78.0,63.2,63.7,9,4,3,68.2,1
6.74,71.8,57.3,59.9,4,3,4,52.1,0
4.48,61.8,34.6,35.2,0,0,0,37.9,0
8.75,84.9,76.5,78.9,9,3,4,78.6,1
6.24,73.3,60.1,51.3,6,2,3,48.6,1
4.98,69.8,40.0,38.1,1,1,3,62.8,0
4.83,62.5,38.0,30.9,2,0,2,44.0,0
5.71,71.5,50.4,26.4,2,0,3,46.7,0
5.95,69.0,60.9,67.4,2,3,4,52.9,1
10.0,91.1,85.5,93.5,7,5,4,86.3,1
5.6,63.8,54.6,37.5,3,1,1,36.4,1
7.35,67.7,50.9,65.0,6,3,3,56.1,1
6.53,60.5,55.8,42.9,3,3,1,46.9,0
9.44,96.2,93.4,100.0,10,8,5,91.8,1
6.99,74.1,71.9,63.7,5,5,4,75.0,1
8.91,82.4,68.6,76.2,8,3,3,78.7,1
8.68,87.2,82.5,90.3,8,5,4,79.0,1
6.98,71.4,60.3,41.4,5,6,2,59.5,1
9.6,80.2,88.7,100.0,9,4,5,76.6,1
8.23,78.5,69.0,84.7,7,4,2,61.3,1
7.75,71.7,71.7,55.0,5,2,4,77.9,1
7.3,62.0,57.1,62.9,4,3,4,69.7,1
6.55,77.2,48.0,55.5,5,2,3,78.2,1
8.6,83.1,81.6,72.9,6,2,2,60.4,1
6.89,65.8,46.2,41.1,4,1,1,59.6,1
5.62,57.2,38.1,28.9,5,0,2,38.3,0
7.5,67.3,63.9,71.2,4,3,2,56.7,1
7.83,91.9,78.7,91.3,6,4,3,76.8,1
9.65,94.0,86.9,82.5,10,4,5,100.0,1
8.77,92.4,83.3,72.6,9,5,6,82.8,1
4.62,59.3,40.9,25.6,1,0,0,43.5,0
7.42,77.7,82.5,70.7,5,4,2,64.8,1
6.41,58.1,37.2,42.6,0,1,1,52.0,0
9.46,87.2,74.9,82.8,8,6,4,83.7,1
5.46,62.2,36.7,33.7,3,1,1,48.9,1
4.95,63.3,39.4,36.3,1,1,1,33.5,0
9.23,98.2,97.7,96.4,9,6,5,80.5,1
7.22,69.9,48.4,45.4,3,1,0,41.0,0
4.77,53.6,30.5,26.7,0,2,1,32.6,0
6.15,64.2,58.5,48.0,2,2,2,40.7,0
8.59,95.5,83.9,86.7,11,5,4,,1
4.92,58.6,30.0,29.1,2,1,0,28.7,0
6.61,68.0,57.2,55.7,5,3,2,60.6,1
6.64,51.7,42.5,42.1,5,3,0,58.0,0
7.05,72.1,48.7,64.8,6,4,2,61.8,1
7.61,85.5,83.8,75.1,8,5,4,85.0,1
6.38,67.9,52.2,38.3,5,2,3,59.5,1
9.59,90.7,88.5,100.0,12,5,4,93.0,1
4.23,57.2,18.2,28.3,1,1,0,33.8,0
4.62,54.1,33.4,44.4,2,2,0,31.6,0
7.47,87.2,76.2,67.6,7,4,4,62.4,1
6.89,65.3,34.5,43.3,4,2,4,59.1,1
7.78,71.3,59.4,51.6,7,3,2,62.0,1
8.41,83.8,81.5,76.2,7,3,4,79.0,1
7.72,78.8,65.7,59.9,4,2,2,64.3,1
7.44,72.1,75.1,65.6,5,3,4,80.8,1
5.12,41.7,39.8,45.6,0,0,0,29.1,0
4.75,48.1,27.7,33.0,0,0,2,29.1,0
7.03,78.9,58.3,42.1,2,2,2,45.1,1
7.02,74.9,46.2,51.5,1,3,1,43.7,0
4.57,56.8,22.5,41.9,0,2,0,,0
6.67,73.3,56.3,44.7,4,1,1,43.3,0
4.97,62.5,54.1,52.5,2,0,2,31.0,0
5.49,42.0,32.4,25.2,0,0,1,35.6,0
8.57,83.8,72.0,93.4,7,6,5,84.9,1
7.7,76.7,71.5,65.5,5,4,3,72.1,1
10.0,100.0,99.4,90.1,9,7,5,88.9,1
6.85,56.0,47.6,60.5,3,1,0,55.2,0
8.69,100.0,95.4,87.1,7,7,4,80.1,1
8.68,90.5,93.8,85.6,10,5,5,100.0,1
7.89,94.7,75.8,87.6,8,5,5,77.1,1
10.0,94.6,95.3,89.1,10,5,5,93.3,1
5.26,53.1,33.1,25.9,5,2,1,46.5,0
8.31,78.8,75.4,78.7,9,3,4,78.4,1
5.59,53.0,42.6,23.8,2,0,0,39.2,0
8.3,100.0,100.0,100.0,10,5,5,94.2,1
6.75,62.5,39.6,29.3,4,1,1,47.0,0
5.29,46.9,38.6,30.1,3,0,0,27.1,0
6.25,67.7,51.7,37.2,3,3,1,52.4,0
5.46,62.9,51.1,35.7,2,0,2,47.1,0
5.95,58.6,39.0,34.6,1,3,1,53.0,0
8.28,88.4,81.0,99.3,9,4,5,96.6,1
8.9,88.1,81.3,73.2,10,4,4,91.7,1
,76.3,59.7,66.7,4,4,3,68.5,1
7.8,79.9,71.2,71.8,6,2,3,76.7,1
10.0,99.7,100.0,98.0,12,8,6,97.1,1
5.04,59.4,29.1,32.6,0,3,0,41.7,0
9.36,80.5,95.4,87.3,8,6,3,77.7,1
10.0,100.0,100.0,82.3,12,5,5,86.4,1
7.03,81.1,60.3,55.2,5,4,3,67.3,1
8.32,80.1,77.0,80.2,5,4,3,76.3,1
7.42,75.2,71.0,71.9,5,4,3,72.1,1
8.23,79.0,58.1,64.5,6,5,2,71.4,1
10.0,98.1,91.9,97.8,10,8,5,91.0,1
8.03,74.8,74.8,56.8,6,5,1,83.2,1
5.52,60.1,36.4,42.5,2,3,1,52.6,1
,65.1,61.6,51.4,5,2,2,52.5,1
9.4,78.5,81.8,85.7,9,6,4,83.6,1
8.09,77.7,61.4,70.5,8,5,3,75.8,1
4.27,47.9,32.4,26.2,0,0,1,27.6,0
5.14,61.3,40.6,44.8,4,0,2,52.8,0
5.43,58.1,38.4,38.8,0,2,2,39.9,0
5.38,51.2,32.6,23.8,2,1,0,41.8,0
6.88,68.9,53.0,54.1,5,3,2,58.1,1
7.45,76.9,91.3,71.6,4,5,2,76.5,1
10.0,97.5,96.9,93.6,9,6,6,91.4,1
8.16,82.8,72.0,61.0,6,4,3,75.1,1
5.13,53.4,19.2,43.1,0,0,0,30.1,0
7.83,77.1,69.6,65.9,5,4,2,69.2,1
8.64,93.1,76.3,78.1,7,4,5,76.7,1
8.66,88.6,75.5,89.3,9,6,5,84.0,1
5.48,56.8,24.5,29.7,0,0,0,31.2,0
7.71,83.6,76.1,69.7,8,4,4,76.7,1
3.94,53.4,19.4,33.3,0,1,0,26.1,0
9.85,90.3,96.4,81.2,10,4,5,,1
4.85,61.1,44.4,34.1,0,1,0,41.4,0
7.68,67.2,65.1,47.1,4,4,3,55.3,1
7.76,84.5,83.8,74.5,7,5,2,75.7,1
9.94,87.5,76.3,90.7,7,4,5,82.8,1
5.27,66.3,33.4,46.0,4,0,1,44.4,0
5.87,62.0,44.6,44.8,3,1,1,47.0,0
5.53,48.6,31.1,34.0,0,3,1,41.7,0
6.6,73.2,53.5,57.9,1,2,4,68.4,1
8.09,76.7,60.0,76.4,6,6,3,83.0,1
5.67,47.7,25.7,20.9,0,1,0,34.2,0
5.74,53.6,36.5,37.7,3,1,0,37.6,0
9.69,93.6,81.9,96.6,9,5,4,100.0,1
9.05,94.8,96.3,92.1,10,6,3,81.3,1
8.9,84.5,79.6,86.9,9,5,5,86.4,1
8.36,82.2,60.7,69.8,5,4,3,74.9,1
4.68,65.3,49.5,37.0,3,2,3,36.4,0
6.37,58.4,46.9,28.8,4,3,1,50.8,1
9.23,96.8,89.6,92.5,8,6,5,98.7,1
7.93,89.3,76.5,77.5,9,4,5,90.1,1
5.13,70.7,48.2,41.4,5,1,1,54.5,0
7.79,75.5,69.4,69.7,5,1,1,68.4,0
4.84,58.8,23.1,22.0,0,1,0,39.4,0
8.13,91.6,79.6,89.1,8,6,4,85.9,1
7.39,73.5,47.4,56.0,1,2,3,56.6,1
9.66,99.3,97.7,100.0,10,6,4,93.0,1
9.34,100.0,92.9,96.5,9,4,6,79.6,1
4.37,52.7,22.1,12.5,0,0,0,38.9,0
5.44,62.5,35.3,42.5,1,1,0,21.9,0
7.09,68.2,65.9,51.8,5,3,4,56.0,1
6.34,61.5,41.9,63.7,2,0,1,35.9,0
7.74,74.5,82.0,73.2,6,5,4,74.5,1
7.58,78.1,61.7,58.8,7,3,3,65.9,1
8.95,88.7,74.8,79.8,9,6,5,67.5,1
6.62,66.8,48.3,48.8,3,3,2,60.4,1
3.89,58.1,25.4,34.4,0,0,2,26.7,0
8.41,86.4,69.3,78.3,6,4,5,81.4,1
8.35,81.5,80.1,73.6,5,6,4,75.8,1
5.29,51.6,33.9,49.3,3,1,2,47.9,0
5.38,52.2,,36.8,0,1,0,45.8,0
7.76,85.9,70.1,84.7,7,3,3,69.7,1
9.31,98.7,100.0,75.1,12,6,3,71.9,1
9.2,95.2,82.5,77.5,8,5,5,81.4,1
7.02,73.5,70.8,62.2,4,4,5,67.0,1
7.51,79.6,,66.3,5,3,2,67.8,1
,58.8,32.7,45.2,3,2,1,48.7,0
6.65,69.9,54.7,43.2,5,1,2,47.8,0
4.91,55.4,,46.3,0,0,0,32.8,0
9.25,91.8,83.1,100.0,11,6,3,82.3,1
5.69,68.1,65.1,52.0,6,3,1,54.7,1
8.41,96.6,75.1,90.6,7,5,5,78.7,1
5.1,41.0,28.3,36.7,2,0,0,29.7,0
7.72,80.2,64.8,71.0,6,3,1,69.8,1
9.26,97.3,83.4,88.1,6,5,4,93.1,1
5.9,57.3,28.5,56.7,0,1,1,42.3,0
8.59,81.9,94.6,77.8,9,4,4,77.5,1
8.45,92.7,70.4,74.2,6,6,3,83.9,1
4.54,49.7,40.5,24.4,2,1,1,42.1,0
7.8,73.0,43.9,68.4,4,4,4,65.6,1
9.42,81.4,78.4,83.9,7,6,3,94.1,1
6.87,74.5,43.8,41.6,6,3,2,55.2,0
6.44,75.2,62.0,59.7,5,1,3,62.3,1
7.52,82.4,69.9,76.4,7,4,5,68.8,1
7.44,71.6,65.1,64.1,5,4,3,75.0,1
4.91,56.1,38.9,30.6,2,0,1,34.2,0
5.31,44.7,15.3,20.7,0,0,1,30.5,0
9.28,100.0,,80.2,11,5,7,87.4,1
4.66,50.0,35.6,35.0,0,0,0,39.2,0
5.06,57.0,39.9,37.8,3,2,4,46.8,1
6.81,76.2,54.6,65.9,5,2,5,,0
6.4,75.6,49.2,50.0,5,3,3,56.6,1
7.59,75.9,53.7,68.6,6,3,4,56.0,1
6.04,60.3,31.2,41.8,3,2,1,31.3,0
8.66,99.0,79.5,84.5,10,4,6,87.2,1
8.55,90.9,72.2,87.0,6,5,4,67.2,1
7.45,81.8,69.8,68.2,6,4,3,71.6,1
6.68,60.9,47.1,47.1,7,1,2,56.0,1
7.76,86.1,65.6,70.3,3,4,2,69.3,1
5.8,69.8,44.3,46.0,6,3,3,66.8,0
8.37,94.6,81.2,77.2,9,6,5,86.9,1
8.42,86.2,75.3,80.6,5,4,2,77.3,1
9.56,98.2,75.3,85.6,10,3,4,97.9,1
5.78,58.5,39.7,33.3,2,0,2,50.7,1
8.16,93.2,82.5,81.3,7,5,3,84.3,1
8.8,78.2,77.6,93.3,6,4,5,81.8,1
9.0,100.0,81.4,88.2,9,7,5,93.4,1
8.4,70.2,50.2,39.1,3,2,1,52.6,1
8.23,77.8,83.7,73.9,4,5,5,58.8,1
9.7,90.4,81.8,93.4,8,6,3,78.7,1
5.16,49.1,22.0,38.4,0,1,2,38.4,0
5.43,52.7,31.7,43.6,3,0,2,45.6,1
5.91,60.2,43.3,26.2,1,1,1,43.7,0
9.29,89.7,96.0,91.1,8,5,3,89.0,1
10.0,87.5,93.0,100.0,11,5,3,79.0,1
7.1,74.7,62.7,67.3,4,3,3,64.3,1
6.75,79.3,68.5,63.6,4,5,2,71.4,1
7.7,73.7,51.5,64.3,3,3,1,51.0,1
4.56,60.6,31.1,47.1,1,0,1,34.6,0
7.13,77.0,53.0,49.7,6,2,1,68.4,1
8.74,85.9,96.4,91.2,8,6,3,80.1,1
4.59,52.4,27.3,25.5,0,0,0,34.5,0
5.66,66.8,56.8,47.8,2,2,0,59.2,0
9.68,94.1,100.0,91.6,10,6,4,94.7,1
9.18,90.3,85.0,84.3,9,6,3,82.4,1
4.87,65.0,31.1,35.8,0,0,0,36.6,0
7.37,74.6,62.3,69.3,7,2,4,61.2,1
10.0,90.5,88.4,92.0,8,5,4,84.1,1
7.43,81.6,69.1,55.7,7,2,4,65.4,1
9.75,100.0,86.6,87.3,10,6,2,100.0,1
6.67,60.7,58.8,49.6,5,2,2,51.6,1
9.61,96.7,88.2,87.0,7,6,4,67.2,1
6.33,60.3,44.8,34.4,5,0,2,46.3,0
8.61,92.2,71.6,74.4,4,3,6,96.1,1
6.34,72.0,,52.7,4,2,1,56.0,0
7.1,75.8,71.4,60.4,7,1,2,64.3,1
6.41,74.7,44.8,48.6,4,2,3,56.7,1
,86.0,71.0,83.0,7,4,4,72.2,1
7.34,68.1,58.7,55.8,5,3,0,,1
7.93,73.5,58.6,70.2,5,4,3,74.3,1
5.95,65.7,54.5,45.7,4,2,2,61.7,1
6.01,59.0,42.0,45.7,4,2,0,53.8,0
8.87,90.2,74.8,78.6,8,6,4,65.2,1
5.25,53.8,41.6,35.8,2,2,0,34.3,0
7.04,65.2,55.2,62.7,5,2,1,59.8,1
8.44,88.8,89.9,81.1,5,5,6,71.5,1
8.77,88.5,87.7,80.4,10,5,4,76.1,1
6.34,59.5,40.3,32.2,1,2,3,50.1,1
5.3,52.4,23.9,25.0,1,0,0,38.1,0
5.37,57.8,34.3,46.1,0,0,1,43.4,0
9.39,97.5,91.2,100.0,9,6,7,93.0,1
7.77,77.2,64.0,63.4,5,4,5,73.4,1
7.81,82.0,80.2,85.5,6,4,6,75.8,1
6.08,61.4,50.5,54.8,1,1,2,46.6,0
9.36,86.1,82.3,71.2,7,5,4,75.1,1
7.15,61.7,49.3,41.5,5,1,2,70.6,1
7.98,74.6,,67.2,8,4,2,75.0,1
6.67,73.3,57.0,57.3,5,3,3,62.1,1
5.04,48.4,26.2,36.0,0,2,0,29.1,0
8.91,88.9,82.8,86.2,8,5,1,86.5,1
9.05,83.7,81.2,66.7,8,4,2,75.6,1
8.75,77.4,77.7,65.2,7,4,4,73.9,1
9.74,85.9,68.8,85.6,8,5,5,79.4,1
10.0,92.5,78.1,77.2,9,4,3,91.8,1
5.13,55.3,35.5,36.2,0,0,1,33.0,0
8.27,90.7,81.2,72.4,7,1,3,65.4,1
5.04,58.7,27.3,45.8,1,0,0,29.7,0
5.3,57.6,34.1,43.7,3,2,1,49.8,0
5.16,61.3,49.8,36.6,2,1,2,41.9,0
8.25,91.8,78.0,71.4,9,4,5,88.4,1
7.54,68.8,47.3,57.2,5,3,1,55.0,0
,96.2,89.3,88.3,8,6,6,86.8,1
6.1,56.5,36.5,39.4,0,3,2,49.0,0
5.82,71.6,37.2,49.0,2,2,2,43.4,0
9.2,97.0,80.8,96.9,9,6,4,82.7,1
7.86,74.5,51.8,48.8,3,4,2,66.7,1
9.48,93.1,67.8,84.2,9,7,6,77.8,1
9.98,97.0,,87.5,11,6,6,90.0,1
7.33,70.6,54.0,65.5,7,2,2,61.6,1
7.08,66.7,50.0,60.3,2,2,0,48.5,0
6.53,64.8,47.8,54.6,2,2,2,39.4,1
5.04,49.5,42.8,23.5,0,1,0,26.7,0
4.46,51.4,36.9,41.6,3,0,0,38.5,0
9.36,85.2,81.3,100.0,6,4,5,82.7,1
5.9,58.5,32.1,56.5,2,3,2,40.4,0
7.75,63.0,61.5,56.7,3,3,1,57.1,1
8.04,76.7,82.4,75.3,9,4,3,85.3,1
7.67,68.8,66.4,66.1,7,4,4,63.0,1
5.71,60.4,54.5,63.5,4,3,0,50.2,0
8.91,89.7,95.8,100.0,9,6,5,90.9,1
8.77,89.7,,67.0,8,4,3,75.7,1
8.89,90.3,88.8,100.0,11,4,6,100.0,1
6.35,72.4,60.6,42.5,6,0,1,49.8,1
9.65,84.8,91.6,89.7,6,3,5,85.0,1
4.82,50.8,15.9,41.8,2,0,0,34.1,0
6.0,68.9,44.9,44.1,6,2,2,42.0,0
7.41,64.2,62.9,64.3,7,2,0,56.8,1
5.56,69.2,66.3,56.3,6,1,1,69.1,1
4.67,57.0,26.4,43.9,5,1,0,21.0,0
